category_id,name,last_name
1,ac nulla sed vel enim sit amet nunc viverra dapibus nulla suscipit ligula in,erat tortor sollicitudin mi sit amet lobortis sapien sapien non
2,nulla nunc purus phasellus in felis donec semper sapien a libero nam dui proin leo odio porttitor,magna vestibulum aliquet ultrices erat tortor sollicitudin mi sit amet lobortis sapien sapien
3,dignissim vestibulum vestibulum ante ipsum primis in faucibus orci luctus et ultrices posuere cubilia curae,ut massa volutpat convallis morbi odio odio elementum eu interdum eu
4,nisi vulputate nonummy maecenas tincidunt lacus at velit vivamus vel nulla,pretium quis lectus suspendisse potenti in eleifend quam a odio in hac habitasse platea dictumst maecenas ut
5,vel nisl duis ac nibh fusce lacus purus aliquet at feugiat non pretium quis lectus suspendisse,nunc rhoncus dui vel sem sed sagittis nam congue risus semper porta volutpat quam pede lobortis ligula
6,hac habitasse platea dictumst maecenas ut massa quis augue luctus tincidunt nulla mollis molestie,praesent blandit lacinia erat vestibulum sed magna at nunc commodo placerat praesent
7,ante ipsum primis in faucibus orci luctus et ultrices posuere cubilia curae nulla dapibus dolor vel,augue vestibulum rutrum rutrum neque aenean auctor gravida sem praesent id massa id nisl venenatis
8,dictumst morbi vestibulum velit id pretium iaculis diam erat fermentum justo nec condimentum neque sapien placerat,consectetuer eget rutrum at lorem integer tincidunt ante vel ipsum praesent blandit lacinia erat vestibulum sed magna at nunc commodo
9,in consequat ut nulla sed accumsan felis ut at dolor quis odio consequat varius integer ac leo pellentesque,sagittis sapien cum sociis natoque penatibus et magnis dis parturient montes nascetur ridiculus mus etiam
10,at dolor quis odio consequat varius integer ac leo pellentesque ultrices mattis odio donec vitae nisi,ornare consequat lectus in est risus auctor sed tristique in tempus sit amet sem fusce consequat nulla nisl nunc nisl
11,etiam faucibus cursus urna ut tellus nulla ut erat id mauris vulputate elementum nullam varius nulla facilisi cras non velit,neque libero convallis eget eleifend luctus ultricies eu nibh quisque
12,nulla ut erat id mauris vulputate elementum nullam varius nulla facilisi cras non velit nec,odio in hac habitasse platea dictumst maecenas ut massa quis augue luctus tincidunt nulla
13,rutrum ac lobortis vel dapibus at diam nam tristique tortor,nibh fusce lacus purus aliquet at feugiat non pretium quis lectus suspendisse potenti in eleifend quam a odio in
14,vestibulum ante ipsum primis in faucibus orci luctus et ultrices posuere cubilia curae,quisque porta volutpat erat quisque erat eros viverra eget congue eget semper rutrum nulla nunc purus
15,dolor morbi vel lectus in quam fringilla rhoncus mauris enim leo rhoncus,fusce posuere felis sed lacus morbi sem mauris laoreet ut rhoncus aliquet pulvinar sed nisl nunc rhoncus dui
16,eget massa tempor convallis nulla neque libero convallis eget eleifend luctus ultricies eu,primis in faucibus orci luctus et ultrices posuere cubilia curae donec pharetra
17,vestibulum ante ipsum primis in faucibus orci luctus et ultrices posuere cubilia,tortor quis turpis sed ante vivamus tortor duis mattis egestas metus aenean fermentum donec ut mauris eget
18,at nunc commodo placerat praesent blandit nam nulla integer pede justo lacinia eget tincidunt eget tempus vel pede morbi porttitor,ante ipsum primis in faucibus orci luctus et ultrices posuere cubilia curae donec pharetra magna vestibulum aliquet ultrices erat
19,iaculis congue vivamus metus arcu adipiscing molestie hendrerit at vulputate vitae nisl aenean,proin leo odio porttitor id consequat in consequat ut nulla sed accumsan felis ut at
20,vehicula condimentum curabitur in libero ut massa volutpat convallis morbi odio,et ultrices posuere cubilia curae donec pharetra magna vestibulum aliquet
21,vel lectus in quam fringilla rhoncus mauris enim leo rhoncus sed vestibulum sit,massa tempor convallis nulla neque libero convallis eget eleifend luctus ultricies eu nibh quisque
22,duis at velit eu est congue elementum in hac habitasse platea dictumst morbi vestibulum velit id,lectus suspendisse potenti in eleifend quam a odio in hac habitasse platea dictumst maecenas ut massa quis augue
23,sit amet nunc viverra dapibus nulla suscipit ligula in lacus curabitur at ipsum ac tellus semper interdum mauris ullamcorper purus,quis augue luctus tincidunt nulla mollis molestie lorem quisque ut erat curabitur gravida nisi at nibh in hac habitasse platea
24,augue vel accumsan tellus nisi eu orci mauris lacinia sapien quis,ut massa quis augue luctus tincidunt nulla mollis molestie lorem quisque ut erat
25,nullam porttitor lacus at turpis donec posuere metus vitae ipsum aliquam non mauris morbi non,imperdiet nullam orci pede venenatis non sodales sed tincidunt eu felis fusce posuere felis sed lacus morbi sem mauris
26,vestibulum velit id pretium iaculis diam erat fermentum justo nec condimentum neque sapien placerat ante nulla,id luctus nec molestie sed justo pellentesque viverra pede ac diam cras
27,in ante vestibulum ante ipsum primis in faucibus orci luctus et,purus phasellus in felis donec semper sapien a libero nam dui proin leo odio porttitor id
28,sagittis nam congue risus semper porta volutpat quam pede lobortis ligula,sapien varius ut blandit non interdum in ante vestibulum ante ipsum primis in faucibus orci luctus et ultrices posuere
29,bibendum imperdiet nullam orci pede venenatis non sodales sed tincidunt,purus aliquet at feugiat non pretium quis lectus suspendisse potenti in eleifend quam a odio in hac habitasse platea dictumst
30,auctor gravida sem praesent id massa id nisl venenatis lacinia aenean sit amet justo,quam fringilla rhoncus mauris enim leo rhoncus sed vestibulum sit amet cursus id
31,tincidunt in leo maecenas pulvinar lobortis est phasellus sit amet erat nulla tempus vivamus in felis,nisi nam ultrices libero non mattis pulvinar nulla pede ullamcorper augue a suscipit nulla
32,aliquet pulvinar sed nisl nunc rhoncus dui vel sem sed sagittis nam congue risus semper,pretium iaculis justo in hac habitasse platea dictumst etiam faucibus cursus urna ut tellus nulla ut erat id
33,eget massa tempor convallis nulla neque libero convallis eget eleifend luctus ultricies eu nibh quisque id justo sit,ridiculus mus vivamus vestibulum sagittis sapien cum sociis natoque penatibus et magnis dis parturient montes nascetur ridiculus mus
34,ligula suspendisse ornare consequat lectus in est risus auctor sed tristique in tempus sit,auctor gravida sem praesent id massa id nisl venenatis lacinia aenean sit amet
35,tortor sollicitudin mi sit amet lobortis sapien sapien non mi integer ac neque duis bibendum morbi non quam nec dui,ut erat curabitur gravida nisi at nibh in hac habitasse platea dictumst aliquam augue quam
36,id justo sit amet sapien dignissim vestibulum vestibulum ante ipsum primis in,velit id pretium iaculis diam erat fermentum justo nec condimentum neque sapien placerat
37,interdum eu tincidunt in leo maecenas pulvinar lobortis est phasellus sit amet erat nulla tempus vivamus in felis eu,placerat praesent blandit nam nulla integer pede justo lacinia eget tincidunt eget tempus vel pede morbi porttitor lorem id ligula
38,pede posuere nonummy integer non velit donec diam neque vestibulum eget vulputate ut ultrices vel augue vestibulum ante,vitae nisi nam ultrices libero non mattis pulvinar nulla pede ullamcorper augue a suscipit nulla elit ac nulla sed
39,maecenas rhoncus aliquam lacus morbi quis tortor id nulla ultrices aliquet maecenas leo,vel est donec odio justo sollicitudin ut suscipit a feugiat et
40,pede libero quis orci nullam molestie nibh in lectus pellentesque at nulla suspendisse potenti cras in purus,quisque id justo sit amet sapien dignissim vestibulum vestibulum ante ipsum primis
41,aenean fermentum donec ut mauris eget massa tempor convallis nulla neque libero convallis eget eleifend,primis in faucibus orci luctus et ultrices posuere cubilia curae nulla
42,purus eu magna vulputate luctus cum sociis natoque penatibus et magnis dis parturient montes,ac consequat metus sapien ut nunc vestibulum ante ipsum primis in faucibus
43,etiam pretium iaculis justo in hac habitasse platea dictumst etiam faucibus cursus,eu orci mauris lacinia sapien quis libero nullam sit amet turpis elementum ligula vehicula consequat
44,eros suspendisse accumsan tortor quis turpis sed ante vivamus tortor duis mattis egestas metus,mi sit amet lobortis sapien sapien non mi integer ac neque duis bibendum morbi non quam nec
45,dis parturient montes nascetur ridiculus mus etiam vel augue vestibulum rutrum rutrum neque aenean auctor gravida sem praesent id,potenti cras in purus eu magna vulputate luctus cum sociis natoque penatibus et magnis dis
46,dui vel nisl duis ac nibh fusce lacus purus aliquet at,nulla tellus in sagittis dui vel nisl duis ac nibh fusce lacus purus
47,ultrices enim lorem ipsum dolor sit amet consectetuer adipiscing elit proin interdum mauris non ligula pellentesque ultrices phasellus,etiam pretium iaculis justo in hac habitasse platea dictumst etiam faucibus cursus
48,sollicitudin vitae consectetuer eget rutrum at lorem integer tincidunt ante vel ipsum praesent blandit lacinia erat vestibulum sed magna,augue vestibulum ante ipsum primis in faucibus orci luctus et ultrices posuere cubilia curae donec pharetra magna vestibulum aliquet ultrices
49,convallis nunc proin at turpis a pede posuere nonummy integer non velit donec diam,amet consectetuer adipiscing elit proin interdum mauris non ligula pellentesque ultrices phasellus
50,eu massa donec dapibus duis at velit eu est congue elementum in hac habitasse platea,in est risus auctor sed tristique in tempus sit amet sem fusce consequat nulla nisl nunc nisl
51,felis sed lacus morbi sem mauris laoreet ut rhoncus aliquet pulvinar sed nisl nunc rhoncus dui vel sem,sit amet eros suspendisse accumsan tortor quis turpis sed ante vivamus tortor duis mattis egestas metus aenean
52,leo odio condimentum id luctus nec molestie sed justo pellentesque,non lectus aliquam sit amet diam in magna bibendum imperdiet nullam
53,ligula suspendisse ornare consequat lectus in est risus auctor sed,curabitur convallis duis consequat dui nec nisi volutpat eleifend donec ut
54,dapibus nulla suscipit ligula in lacus curabitur at ipsum ac tellus semper interdum,in imperdiet et commodo vulputate justo in blandit ultrices enim lorem ipsum dolor
55,pulvinar lobortis est phasellus sit amet erat nulla tempus vivamus in felis eu sapien cursus vestibulum proin,rutrum neque aenean auctor gravida sem praesent id massa id nisl venenatis lacinia aenean sit amet justo morbi
56,leo rhoncus sed vestibulum sit amet cursus id turpis integer,volutpat quam pede lobortis ligula sit amet eleifend pede libero quis orci nullam molestie
57,varius nulla facilisi cras non velit nec nisi vulputate nonummy maecenas tincidunt lacus at velit vivamus vel nulla eget,nam ultrices libero non mattis pulvinar nulla pede ullamcorper augue a suscipit nulla elit ac nulla sed vel enim sit
58,volutpat dui maecenas tristique est et tempus semper est quam pharetra magna ac consequat metus sapien ut nunc vestibulum,nulla nisl nunc nisl duis bibendum felis sed interdum venenatis turpis enim blandit mi in porttitor pede justo eu massa
59,nisl ut volutpat sapien arcu sed augue aliquam erat volutpat,lectus in est risus auctor sed tristique in tempus sit amet sem fusce consequat nulla nisl nunc nisl duis
60,quam nec dui luctus rutrum nulla tellus in sagittis dui,congue diam id ornare imperdiet sapien urna pretium nisl ut volutpat sapien arcu sed augue aliquam erat volutpat in congue
61,vulputate elementum nullam varius nulla facilisi cras non velit nec,in sagittis dui vel nisl duis ac nibh fusce lacus
62,habitasse platea dictumst aliquam augue quam sollicitudin vitae consectetuer eget rutrum at,nullam orci pede venenatis non sodales sed tincidunt eu felis fusce posuere felis sed lacus morbi sem mauris laoreet
63,euismod scelerisque quam turpis adipiscing lorem vitae mattis nibh ligula nec sem duis aliquam,ac consequat metus sapien ut nunc vestibulum ante ipsum primis in
64,dolor vel est donec odio justo sollicitudin ut suscipit a feugiat,tempor turpis nec euismod scelerisque quam turpis adipiscing lorem vitae mattis nibh ligula nec sem
65,augue vel accumsan tellus nisi eu orci mauris lacinia sapien quis libero,in hac habitasse platea dictumst morbi vestibulum velit id pretium iaculis diam erat fermentum justo nec
66,volutpat in congue etiam justo etiam pretium iaculis justo in hac habitasse,feugiat et eros vestibulum ac est lacinia nisi venenatis tristique fusce congue
67,aenean lectus pellentesque eget nunc donec quis orci eget orci vehicula condimentum curabitur in libero ut,hac habitasse platea dictumst etiam faucibus cursus urna ut tellus nulla ut erat id mauris vulputate
68,primis in faucibus orci luctus et ultrices posuere cubilia curae duis faucibus accumsan odio curabitur convallis duis,nulla suspendisse potenti cras in purus eu magna vulputate luctus cum sociis natoque penatibus et magnis dis
69,in imperdiet et commodo vulputate justo in blandit ultrices enim lorem ipsum dolor sit amet consectetuer adipiscing elit,lobortis convallis tortor risus dapibus augue vel accumsan tellus nisi eu orci mauris lacinia
70,varius nulla facilisi cras non velit nec nisi vulputate nonummy maecenas tincidunt lacus at velit vivamus vel nulla,etiam faucibus cursus urna ut tellus nulla ut erat id mauris vulputate elementum nullam varius nulla facilisi cras
71,nulla integer pede justo lacinia eget tincidunt eget tempus vel,cursus vestibulum proin eu mi nulla ac enim in tempor turpis nec euismod scelerisque quam turpis adipiscing lorem vitae mattis
72,elit ac nulla sed vel enim sit amet nunc viverra dapibus nulla suscipit ligula in lacus curabitur,nisl duis bibendum felis sed interdum venenatis turpis enim blandit mi in porttitor pede justo eu massa donec dapibus
73,mauris vulputate elementum nullam varius nulla facilisi cras non velit nec nisi vulputate,sem mauris laoreet ut rhoncus aliquet pulvinar sed nisl nunc rhoncus dui
74,lorem integer tincidunt ante vel ipsum praesent blandit lacinia erat vestibulum sed magna at nunc commodo placerat praesent blandit,a suscipit nulla elit ac nulla sed vel enim sit amet nunc
75,elit proin risus praesent lectus vestibulum quam sapien varius ut blandit non interdum in,sapien a libero nam dui proin leo odio porttitor id consequat in consequat ut nulla sed accumsan felis
76,suscipit nulla elit ac nulla sed vel enim sit amet nunc viverra dapibus nulla suscipit,interdum mauris non ligula pellentesque ultrices phasellus id sapien in
77,at nulla suspendisse potenti cras in purus eu magna vulputate luctus cum sociis natoque,tempor turpis nec euismod scelerisque quam turpis adipiscing lorem vitae mattis nibh ligula nec sem
78,nunc viverra dapibus nulla suscipit ligula in lacus curabitur at ipsum ac tellus semper interdum,lacus at velit vivamus vel nulla eget eros elementum pellentesque
79,consectetuer eget rutrum at lorem integer tincidunt ante vel ipsum praesent,eros vestibulum ac est lacinia nisi venenatis tristique fusce congue diam id ornare imperdiet sapien urna pretium nisl ut
80,curae nulla dapibus dolor vel est donec odio justo sollicitudin ut suscipit a feugiat et eros vestibulum ac,sem praesent id massa id nisl venenatis lacinia aenean sit amet justo morbi ut odio cras
81,vel pede morbi porttitor lorem id ligula suspendisse ornare consequat lectus,donec dapibus duis at velit eu est congue elementum in hac habitasse platea
82,nibh in quis justo maecenas rhoncus aliquam lacus morbi quis tortor,sit amet consectetuer adipiscing elit proin risus praesent lectus vestibulum quam sapien varius ut blandit
83,ut nunc vestibulum ante ipsum primis in faucibus orci luctus et ultrices posuere cubilia curae mauris viverra diam vitae quam,in lectus pellentesque at nulla suspendisse potenti cras in purus
84,vitae consectetuer eget rutrum at lorem integer tincidunt ante vel ipsum praesent,felis eu sapien cursus vestibulum proin eu mi nulla ac enim in tempor turpis nec euismod scelerisque quam turpis
85,sed tristique in tempus sit amet sem fusce consequat nulla,sed ante vivamus tortor duis mattis egestas metus aenean fermentum donec ut mauris
86,facilisi cras non velit nec nisi vulputate nonummy maecenas tincidunt lacus at velit vivamus vel nulla,nam nulla integer pede justo lacinia eget tincidunt eget tempus vel pede morbi porttitor lorem
87,sapien quis libero nullam sit amet turpis elementum ligula vehicula consequat morbi a,justo in hac habitasse platea dictumst etiam faucibus cursus urna ut tellus
88,id mauris vulputate elementum nullam varius nulla facilisi cras non velit nec,in libero ut massa volutpat convallis morbi odio odio elementum
89,suspendisse potenti in eleifend quam a odio in hac habitasse platea dictumst maecenas ut massa,faucibus orci luctus et ultrices posuere cubilia curae donec pharetra magna vestibulum aliquet ultrices erat tortor sollicitudin mi
90,penatibus et magnis dis parturient montes nascetur ridiculus mus etiam vel augue,aliquam lacus morbi quis tortor id nulla ultrices aliquet maecenas leo
91,tincidunt lacus at velit vivamus vel nulla eget eros elementum pellentesque quisque porta volutpat erat quisque erat eros viverra,dignissim vestibulum vestibulum ante ipsum primis in faucibus orci luctus et ultrices posuere
92,nisl venenatis lacinia aenean sit amet justo morbi ut odio cras mi pede malesuada in imperdiet et commodo,erat nulla tempus vivamus in felis eu sapien cursus vestibulum proin eu
93,donec quis orci eget orci vehicula condimentum curabitur in libero,ipsum dolor sit amet consectetuer adipiscing elit proin interdum mauris non ligula pellentesque ultrices phasellus id sapien in sapien iaculis
94,aliquet at feugiat non pretium quis lectus suspendisse potenti in eleifend quam a odio in,sollicitudin vitae consectetuer eget rutrum at lorem integer tincidunt ante vel ipsum praesent
95,justo lacinia eget tincidunt eget tempus vel pede morbi porttitor lorem id ligula,sapien in sapien iaculis congue vivamus metus arcu adipiscing molestie hendrerit at vulputate
96,fusce posuere felis sed lacus morbi sem mauris laoreet ut rhoncus aliquet pulvinar sed nisl nunc rhoncus,et ultrices posuere cubilia curae duis faucibus accumsan odio curabitur convallis duis consequat dui
97,massa tempor convallis nulla neque libero convallis eget eleifend luctus ultricies eu nibh quisque id justo sit amet sapien,maecenas leo odio condimentum id luctus nec molestie sed justo pellentesque viverra pede
98,turpis adipiscing lorem vitae mattis nibh ligula nec sem duis aliquam convallis nunc proin,nulla facilisi cras non velit nec nisi vulputate nonummy maecenas tincidunt lacus
99,lorem integer tincidunt ante vel ipsum praesent blandit lacinia erat vestibulum sed magna at nunc commodo placerat,aliquam quis turpis eget elit sodales scelerisque mauris sit amet eros suspendisse accumsan tortor quis turpis sed ante vivamus
100,est congue elementum in hac habitasse platea dictumst morbi vestibulum velit id pretium iaculis,massa donec dapibus duis at velit eu est congue elementum in hac habitasse platea dictumst morbi vestibulum velit
101,arcu sed augue aliquam erat volutpat in congue etiam justo etiam pretium iaculis justo in hac,nunc vestibulum ante ipsum primis in faucibus orci luctus et ultrices
102,tempus vivamus in felis eu sapien cursus vestibulum proin eu mi nulla ac enim in tempor turpis nec euismod,risus semper porta volutpat quam pede lobortis ligula sit amet eleifend
103,placerat praesent blandit nam nulla integer pede justo lacinia eget tincidunt,suspendisse potenti in eleifend quam a odio in hac habitasse platea
104,nisl nunc rhoncus dui vel sem sed sagittis nam congue,tristique in tempus sit amet sem fusce consequat nulla nisl nunc nisl duis bibendum felis sed
105,interdum in ante vestibulum ante ipsum primis in faucibus orci luctus et ultrices posuere cubilia curae duis faucibus accumsan,nulla suscipit ligula in lacus curabitur at ipsum ac tellus
106,hac habitasse platea dictumst maecenas ut massa quis augue luctus tincidunt nulla mollis molestie lorem,duis faucibus accumsan odio curabitur convallis duis consequat dui nec nisi volutpat eleifend donec ut dolor morbi
107,vulputate vitae nisl aenean lectus pellentesque eget nunc donec quis orci eget orci,in ante vestibulum ante ipsum primis in faucibus orci luctus et ultrices
108,consequat dui nec nisi volutpat eleifend donec ut dolor morbi vel lectus in quam fringilla rhoncus mauris enim,erat quisque erat eros viverra eget congue eget semper rutrum nulla nunc purus phasellus
109,tincidunt nulla mollis molestie lorem quisque ut erat curabitur gravida nisi at nibh in hac habitasse platea dictumst aliquam,gravida nisi at nibh in hac habitasse platea dictumst aliquam augue quam sollicitudin vitae consectetuer
110,metus aenean fermentum donec ut mauris eget massa tempor convallis nulla neque libero convallis eget eleifend luctus ultricies eu,congue vivamus metus arcu adipiscing molestie hendrerit at vulputate vitae nisl aenean
111,id pretium iaculis diam erat fermentum justo nec condimentum neque sapien placerat ante nulla,elit proin risus praesent lectus vestibulum quam sapien varius ut blandit non interdum in ante vestibulum ante ipsum primis
112,venenatis non sodales sed tincidunt eu felis fusce posuere felis sed lacus morbi sem mauris laoreet ut,primis in faucibus orci luctus et ultrices posuere cubilia curae donec pharetra magna vestibulum
113,penatibus et magnis dis parturient montes nascetur ridiculus mus vivamus vestibulum sagittis sapien cum sociis natoque penatibus,morbi sem mauris laoreet ut rhoncus aliquet pulvinar sed nisl nunc rhoncus dui vel sem sed sagittis nam
114,nibh in lectus pellentesque at nulla suspendisse potenti cras in,platea dictumst aliquam augue quam sollicitudin vitae consectetuer eget rutrum at lorem integer tincidunt
115,auctor gravida sem praesent id massa id nisl venenatis lacinia aenean sit amet justo morbi ut odio cras mi pede,odio consequat varius integer ac leo pellentesque ultrices mattis odio donec vitae nisi nam ultrices libero
116,morbi non lectus aliquam sit amet diam in magna bibendum imperdiet nullam orci pede venenatis non sodales sed,purus phasellus in felis donec semper sapien a libero nam dui proin leo odio porttitor id consequat in consequat ut
117,platea dictumst maecenas ut massa quis augue luctus tincidunt nulla mollis molestie lorem,nulla elit ac nulla sed vel enim sit amet nunc viverra dapibus nulla suscipit ligula in lacus curabitur
118,in sagittis dui vel nisl duis ac nibh fusce lacus,dui vel sem sed sagittis nam congue risus semper porta volutpat quam pede lobortis ligula sit amet
119,aliquam quis turpis eget elit sodales scelerisque mauris sit amet eros suspendisse accumsan tortor quis turpis sed ante vivamus,nisl aenean lectus pellentesque eget nunc donec quis orci eget orci vehicula
120,nulla dapibus dolor vel est donec odio justo sollicitudin ut suscipit a feugiat et eros vestibulum,elit proin interdum mauris non ligula pellentesque ultrices phasellus id sapien in sapien iaculis congue vivamus metus
121,sem praesent id massa id nisl venenatis lacinia aenean sit amet justo morbi ut odio cras mi,erat fermentum justo nec condimentum neque sapien placerat ante nulla justo aliquam quis turpis eget
122,luctus nec molestie sed justo pellentesque viverra pede ac diam cras pellentesque volutpat dui maecenas tristique est et tempus semper,maecenas tristique est et tempus semper est quam pharetra magna ac consequat
123,ante nulla justo aliquam quis turpis eget elit sodales scelerisque mauris sit amet eros suspendisse accumsan tortor quis turpis sed,vivamus vel nulla eget eros elementum pellentesque quisque porta volutpat erat
124,commodo placerat praesent blandit nam nulla integer pede justo lacinia eget tincidunt,mus vivamus vestibulum sagittis sapien cum sociis natoque penatibus et
125,magnis dis parturient montes nascetur ridiculus mus vivamus vestibulum sagittis sapien cum sociis natoque,in est risus auctor sed tristique in tempus sit amet sem fusce consequat nulla nisl nunc nisl duis bibendum felis
126,sit amet eros suspendisse accumsan tortor quis turpis sed ante vivamus,elit proin risus praesent lectus vestibulum quam sapien varius ut blandit non interdum in ante vestibulum ante ipsum primis in
127,ut ultrices vel augue vestibulum ante ipsum primis in faucibus,at nulla suspendisse potenti cras in purus eu magna vulputate luctus cum sociis natoque
128,dui proin leo odio porttitor id consequat in consequat ut nulla sed accumsan,quis augue luctus tincidunt nulla mollis molestie lorem quisque ut erat curabitur gravida nisi at nibh in hac habitasse platea
129,convallis morbi odio odio elementum eu interdum eu tincidunt in,dictumst morbi vestibulum velit id pretium iaculis diam erat fermentum justo nec
130,justo eu massa donec dapibus duis at velit eu est congue elementum in hac habitasse platea dictumst morbi vestibulum velit,ultrices posuere cubilia curae donec pharetra magna vestibulum aliquet ultrices erat tortor sollicitudin mi sit amet lobortis sapien sapien non
131,non velit donec diam neque vestibulum eget vulputate ut ultrices vel augue vestibulum ante,pulvinar sed nisl nunc rhoncus dui vel sem sed sagittis nam congue risus semper porta volutpat quam
132,donec ut dolor morbi vel lectus in quam fringilla rhoncus mauris enim leo rhoncus,amet eleifend pede libero quis orci nullam molestie nibh in lectus pellentesque at nulla suspendisse potenti cras in purus eu
133,justo maecenas rhoncus aliquam lacus morbi quis tortor id nulla ultrices aliquet maecenas leo odio condimentum,proin at turpis a pede posuere nonummy integer non velit donec diam neque vestibulum eget vulputate ut
134,ut odio cras mi pede malesuada in imperdiet et commodo vulputate justo in blandit ultrices enim lorem ipsum dolor,consequat in consequat ut nulla sed accumsan felis ut at dolor
135,dictumst maecenas ut massa quis augue luctus tincidunt nulla mollis molestie lorem,tortor risus dapibus augue vel accumsan tellus nisi eu orci mauris
136,lacus at velit vivamus vel nulla eget eros elementum pellentesque quisque porta volutpat,curabitur convallis duis consequat dui nec nisi volutpat eleifend donec ut dolor morbi vel lectus
137,in tempus sit amet sem fusce consequat nulla nisl nunc nisl duis,amet eleifend pede libero quis orci nullam molestie nibh in lectus pellentesque at nulla suspendisse potenti cras in
138,vestibulum sagittis sapien cum sociis natoque penatibus et magnis dis parturient montes nascetur ridiculus mus etiam,sed sagittis nam congue risus semper porta volutpat quam pede lobortis ligula sit amet eleifend
139,aliquam non mauris morbi non lectus aliquam sit amet diam in,auctor gravida sem praesent id massa id nisl venenatis lacinia aenean sit amet justo morbi ut odio
140,praesent id massa id nisl venenatis lacinia aenean sit amet justo,primis in faucibus orci luctus et ultrices posuere cubilia curae donec pharetra magna vestibulum aliquet
141,morbi ut odio cras mi pede malesuada in imperdiet et commodo vulputate justo in blandit ultrices,ultrices posuere cubilia curae duis faucibus accumsan odio curabitur convallis duis
142,mus etiam vel augue vestibulum rutrum rutrum neque aenean auctor gravida sem praesent id massa id nisl,ut ultrices vel augue vestibulum ante ipsum primis in faucibus orci luctus et ultrices posuere cubilia curae donec pharetra
143,convallis tortor risus dapibus augue vel accumsan tellus nisi eu orci mauris lacinia sapien quis libero nullam,proin risus praesent lectus vestibulum quam sapien varius ut blandit non interdum in ante vestibulum ante ipsum primis in
144,nullam orci pede venenatis non sodales sed tincidunt eu felis,platea dictumst maecenas ut massa quis augue luctus tincidunt nulla mollis molestie
145,justo in blandit ultrices enim lorem ipsum dolor sit amet consectetuer adipiscing elit,vulputate elementum nullam varius nulla facilisi cras non velit nec nisi vulputate nonummy maecenas
146,hac habitasse platea dictumst aliquam augue quam sollicitudin vitae consectetuer eget rutrum at,posuere felis sed lacus morbi sem mauris laoreet ut rhoncus aliquet
147,ut mauris eget massa tempor convallis nulla neque libero convallis,eget tincidunt eget tempus vel pede morbi porttitor lorem id ligula suspendisse ornare consequat lectus in
148,consequat ut nulla sed accumsan felis ut at dolor quis odio consequat,volutpat erat quisque erat eros viverra eget congue eget semper rutrum nulla nunc purus phasellus in felis donec semper
149,nisi vulputate nonummy maecenas tincidunt lacus at velit vivamus vel nulla eget eros elementum pellentesque,luctus nec molestie sed justo pellentesque viverra pede ac diam
150,suspendisse potenti in eleifend quam a odio in hac habitasse platea dictumst maecenas ut massa quis,quis justo maecenas rhoncus aliquam lacus morbi quis tortor id nulla ultrices aliquet maecenas leo odio condimentum
151,vestibulum vestibulum ante ipsum primis in faucibus orci luctus et ultrices posuere cubilia curae nulla dapibus dolor,in sagittis dui vel nisl duis ac nibh fusce lacus purus
152,vel nisl duis ac nibh fusce lacus purus aliquet at feugiat non pretium,nunc rhoncus dui vel sem sed sagittis nam congue risus semper porta volutpat quam pede lobortis ligula
153,quisque arcu libero rutrum ac lobortis vel dapibus at diam nam tristique tortor eu pede,vestibulum vestibulum ante ipsum primis in faucibus orci luctus et ultrices posuere cubilia
154,tempus sit amet sem fusce consequat nulla nisl nunc nisl duis bibendum,primis in faucibus orci luctus et ultrices posuere cubilia curae duis faucibus accumsan odio curabitur convallis duis
155,in porttitor pede justo eu massa donec dapibus duis at velit eu est congue elementum in hac,lobortis convallis tortor risus dapibus augue vel accumsan tellus nisi eu orci mauris lacinia sapien quis libero nullam sit amet
156,ullamcorper purus sit amet nulla quisque arcu libero rutrum ac lobortis vel dapibus at diam nam,tempus vivamus in felis eu sapien cursus vestibulum proin eu mi nulla ac enim in tempor turpis nec euismod
157,ante ipsum primis in faucibus orci luctus et ultrices posuere cubilia curae duis faucibus accumsan odio curabitur convallis duis,cubilia curae duis faucibus accumsan odio curabitur convallis duis consequat dui nec nisi volutpat eleifend donec
158,natoque penatibus et magnis dis parturient montes nascetur ridiculus mus vivamus vestibulum sagittis sapien cum sociis natoque penatibus et magnis,cubilia curae duis faucibus accumsan odio curabitur convallis duis consequat dui nec nisi
159,mauris ullamcorper purus sit amet nulla quisque arcu libero rutrum ac,praesent blandit lacinia erat vestibulum sed magna at nunc commodo placerat praesent blandit nam nulla integer pede
160,donec quis orci eget orci vehicula condimentum curabitur in libero,libero nam dui proin leo odio porttitor id consequat in consequat ut nulla
161,vivamus metus arcu adipiscing molestie hendrerit at vulputate vitae nisl aenean lectus pellentesque eget nunc donec quis orci eget orci,sem duis aliquam convallis nunc proin at turpis a pede posuere
162,nulla sed vel enim sit amet nunc viverra dapibus nulla,a nibh in quis justo maecenas rhoncus aliquam lacus morbi quis tortor id nulla
163,posuere cubilia curae mauris viverra diam vitae quam suspendisse potenti nullam porttitor lacus at turpis donec posuere metus vitae ipsum,justo aliquam quis turpis eget elit sodales scelerisque mauris sit amet eros suspendisse accumsan tortor quis turpis
164,vulputate luctus cum sociis natoque penatibus et magnis dis parturient montes nascetur ridiculus mus vivamus,cubilia curae mauris viverra diam vitae quam suspendisse potenti nullam porttitor
165,lorem quisque ut erat curabitur gravida nisi at nibh in hac habitasse platea dictumst aliquam augue quam sollicitudin vitae,in tempor turpis nec euismod scelerisque quam turpis adipiscing lorem vitae mattis
166,aliquet maecenas leo odio condimentum id luctus nec molestie sed,dui luctus rutrum nulla tellus in sagittis dui vel nisl duis ac nibh fusce lacus
167,eget tempus vel pede morbi porttitor lorem id ligula suspendisse,et magnis dis parturient montes nascetur ridiculus mus etiam vel augue vestibulum rutrum
168,ultrices mattis odio donec vitae nisi nam ultrices libero non mattis pulvinar nulla pede ullamcorper augue a suscipit nulla,in felis donec semper sapien a libero nam dui proin
169,rhoncus aliquam lacus morbi quis tortor id nulla ultrices aliquet maecenas leo,vivamus in felis eu sapien cursus vestibulum proin eu mi
170,molestie hendrerit at vulputate vitae nisl aenean lectus pellentesque eget,vel accumsan tellus nisi eu orci mauris lacinia sapien quis libero nullam
171,duis bibendum felis sed interdum venenatis turpis enim blandit mi,libero non mattis pulvinar nulla pede ullamcorper augue a suscipit nulla
172,volutpat convallis morbi odio odio elementum eu interdum eu tincidunt in leo maecenas pulvinar lobortis est phasellus sit amet,sagittis dui vel nisl duis ac nibh fusce lacus purus
173,sociis natoque penatibus et magnis dis parturient montes nascetur ridiculus mus etiam vel augue vestibulum rutrum rutrum neque,nulla nunc purus phasellus in felis donec semper sapien a libero nam dui proin leo odio porttitor id consequat in
174,odio porttitor id consequat in consequat ut nulla sed accumsan felis ut at dolor quis odio consequat varius integer,volutpat erat quisque erat eros viverra eget congue eget semper rutrum nulla nunc purus phasellus in felis donec semper
175,quisque id justo sit amet sapien dignissim vestibulum vestibulum ante ipsum primis in faucibus orci,in libero ut massa volutpat convallis morbi odio odio elementum eu interdum eu tincidunt in leo maecenas pulvinar
176,eu magna vulputate luctus cum sociis natoque penatibus et magnis dis parturient,non sodales sed tincidunt eu felis fusce posuere felis sed lacus morbi
177,orci luctus et ultrices posuere cubilia curae duis faucibus accumsan odio curabitur,sit amet consectetuer adipiscing elit proin interdum mauris non ligula pellentesque ultrices phasellus id sapien in sapien iaculis congue
178,sit amet consectetuer adipiscing elit proin risus praesent lectus vestibulum quam sapien varius ut blandit,et tempus semper est quam pharetra magna ac consequat metus sapien ut nunc vestibulum ante ipsum primis in faucibus
179,imperdiet nullam orci pede venenatis non sodales sed tincidunt eu felis fusce posuere felis sed lacus morbi,ac nibh fusce lacus purus aliquet at feugiat non pretium quis lectus suspendisse
180,at ipsum ac tellus semper interdum mauris ullamcorper purus sit,molestie lorem quisque ut erat curabitur gravida nisi at nibh in
181,elit proin risus praesent lectus vestibulum quam sapien varius ut blandit non interdum in ante vestibulum ante,augue quam sollicitudin vitae consectetuer eget rutrum at lorem integer tincidunt ante vel ipsum praesent blandit lacinia erat vestibulum sed
182,vestibulum ac est lacinia nisi venenatis tristique fusce congue diam id ornare imperdiet sapien urna pretium nisl ut volutpat sapien,et ultrices posuere cubilia curae donec pharetra magna vestibulum aliquet ultrices erat
183,eros viverra eget congue eget semper rutrum nulla nunc purus phasellus in felis donec semper sapien,in imperdiet et commodo vulputate justo in blandit ultrices enim lorem ipsum dolor sit
184,interdum eu tincidunt in leo maecenas pulvinar lobortis est phasellus sit amet erat nulla tempus vivamus in felis,cubilia curae donec pharetra magna vestibulum aliquet ultrices erat tortor sollicitudin mi sit amet lobortis sapien sapien non mi
185,justo in blandit ultrices enim lorem ipsum dolor sit amet consectetuer adipiscing elit proin interdum mauris non ligula pellentesque,quis orci eget orci vehicula condimentum curabitur in libero ut massa volutpat convallis morbi
186,viverra dapibus nulla suscipit ligula in lacus curabitur at ipsum ac tellus semper interdum,mi in porttitor pede justo eu massa donec dapibus duis at velit eu
187,venenatis turpis enim blandit mi in porttitor pede justo eu massa donec dapibus duis,cras non velit nec nisi vulputate nonummy maecenas tincidunt lacus at velit vivamus vel nulla
188,eget tincidunt eget tempus vel pede morbi porttitor lorem id ligula suspendisse ornare consequat lectus in est risus auctor sed,aliquet massa id lobortis convallis tortor risus dapibus augue vel accumsan tellus nisi eu orci
189,blandit nam nulla integer pede justo lacinia eget tincidunt eget tempus vel pede morbi porttitor,ipsum aliquam non mauris morbi non lectus aliquam sit amet diam in magna bibendum imperdiet
190,duis bibendum felis sed interdum venenatis turpis enim blandit mi in porttitor pede justo eu,iaculis diam erat fermentum justo nec condimentum neque sapien placerat ante
191,sapien cum sociis natoque penatibus et magnis dis parturient montes nascetur ridiculus mus etiam vel augue vestibulum,aliquam non mauris morbi non lectus aliquam sit amet diam in
192,quisque porta volutpat erat quisque erat eros viverra eget congue eget semper rutrum nulla nunc,id turpis integer aliquet massa id lobortis convallis tortor risus dapibus augue vel accumsan tellus nisi eu orci mauris lacinia
193,aliquet pulvinar sed nisl nunc rhoncus dui vel sem sed sagittis nam,eget eleifend luctus ultricies eu nibh quisque id justo sit
194,vel enim sit amet nunc viverra dapibus nulla suscipit ligula in lacus curabitur at,ut massa volutpat convallis morbi odio odio elementum eu interdum eu tincidunt
195,suscipit a feugiat et eros vestibulum ac est lacinia nisi venenatis tristique fusce congue diam id ornare imperdiet sapien urna,massa id nisl venenatis lacinia aenean sit amet justo morbi ut odio cras mi pede malesuada in imperdiet
196,maecenas pulvinar lobortis est phasellus sit amet erat nulla tempus vivamus in felis eu sapien cursus vestibulum proin eu,donec quis orci eget orci vehicula condimentum curabitur in libero
197,varius ut blandit non interdum in ante vestibulum ante ipsum primis in faucibus orci luctus et ultrices,vel enim sit amet nunc viverra dapibus nulla suscipit ligula in lacus curabitur at ipsum ac tellus
198,sit amet eros suspendisse accumsan tortor quis turpis sed ante vivamus tortor duis mattis egestas metus aenean fermentum donec ut,amet erat nulla tempus vivamus in felis eu sapien cursus vestibulum
199,tellus in sagittis dui vel nisl duis ac nibh fusce lacus purus aliquet at feugiat non,amet lobortis sapien sapien non mi integer ac neque duis bibendum morbi non quam nec dui luctus rutrum nulla
200,proin at turpis a pede posuere nonummy integer non velit donec diam neque vestibulum eget vulputate ut ultrices vel augue,fringilla rhoncus mauris enim leo rhoncus sed vestibulum sit amet cursus id turpis integer
201,duis bibendum felis sed interdum venenatis turpis enim blandit mi in porttitor pede justo eu,at nunc commodo placerat praesent blandit nam nulla integer pede justo lacinia eget tincidunt eget tempus
202,massa donec dapibus duis at velit eu est congue elementum in hac habitasse platea dictumst,eu nibh quisque id justo sit amet sapien dignissim vestibulum vestibulum ante ipsum primis in faucibus orci
203,libero non mattis pulvinar nulla pede ullamcorper augue a suscipit nulla elit ac nulla sed vel enim sit,morbi porttitor lorem id ligula suspendisse ornare consequat lectus in est risus auctor sed tristique in tempus
204,enim lorem ipsum dolor sit amet consectetuer adipiscing elit proin,amet diam in magna bibendum imperdiet nullam orci pede venenatis non
205,blandit nam nulla integer pede justo lacinia eget tincidunt eget tempus vel pede morbi porttitor lorem id ligula,nulla nisl nunc nisl duis bibendum felis sed interdum venenatis turpis enim blandit mi in porttitor
206,donec posuere metus vitae ipsum aliquam non mauris morbi non lectus aliquam sit,orci luctus et ultrices posuere cubilia curae duis faucibus accumsan odio curabitur convallis duis consequat
207,tortor duis mattis egestas metus aenean fermentum donec ut mauris eget massa tempor convallis nulla neque libero convallis,ipsum praesent blandit lacinia erat vestibulum sed magna at nunc commodo placerat praesent blandit nam nulla integer
208,dui maecenas tristique est et tempus semper est quam pharetra magna ac consequat metus sapien,mauris morbi non lectus aliquam sit amet diam in magna
209,nulla mollis molestie lorem quisque ut erat curabitur gravida nisi at nibh in,duis at velit eu est congue elementum in hac habitasse platea
210,luctus ultricies eu nibh quisque id justo sit amet sapien dignissim vestibulum vestibulum ante ipsum primis in faucibus orci,aliquet at feugiat non pretium quis lectus suspendisse potenti in eleifend quam
211,dui nec nisi volutpat eleifend donec ut dolor morbi vel lectus in quam fringilla,lacus morbi quis tortor id nulla ultrices aliquet maecenas leo odio condimentum
212,ut ultrices vel augue vestibulum ante ipsum primis in faucibus orci luctus et ultrices posuere cubilia curae donec,mi nulla ac enim in tempor turpis nec euismod scelerisque quam turpis
213,turpis adipiscing lorem vitae mattis nibh ligula nec sem duis aliquam convallis nunc,massa donec dapibus duis at velit eu est congue elementum in hac
214,faucibus orci luctus et ultrices posuere cubilia curae duis faucibus,justo eu massa donec dapibus duis at velit eu est congue elementum in hac habitasse
215,nibh in lectus pellentesque at nulla suspendisse potenti cras in purus eu magna vulputate,rutrum nulla tellus in sagittis dui vel nisl duis ac nibh fusce lacus purus aliquet
216,non interdum in ante vestibulum ante ipsum primis in faucibus,nisi vulputate nonummy maecenas tincidunt lacus at velit vivamus vel nulla eget eros elementum pellentesque quisque porta volutpat erat quisque
217,luctus et ultrices posuere cubilia curae donec pharetra magna vestibulum,consequat metus sapien ut nunc vestibulum ante ipsum primis in faucibus orci
218,suspendisse accumsan tortor quis turpis sed ante vivamus tortor duis mattis,at dolor quis odio consequat varius integer ac leo pellentesque ultrices mattis odio donec vitae nisi nam ultrices
219,id nisl venenatis lacinia aenean sit amet justo morbi ut odio cras mi pede malesuada in imperdiet et commodo vulputate,vitae ipsum aliquam non mauris morbi non lectus aliquam sit amet diam in magna
220,urna ut tellus nulla ut erat id mauris vulputate elementum nullam varius nulla facilisi,eu nibh quisque id justo sit amet sapien dignissim vestibulum vestibulum ante ipsum primis in faucibus
221,quis tortor id nulla ultrices aliquet maecenas leo odio condimentum id luctus nec molestie sed,lacus morbi quis tortor id nulla ultrices aliquet maecenas leo odio condimentum id luctus nec molestie sed justo pellentesque
222,suscipit ligula in lacus curabitur at ipsum ac tellus semper,ipsum primis in faucibus orci luctus et ultrices posuere cubilia curae donec pharetra magna vestibulum aliquet ultrices erat
223,elit proin interdum mauris non ligula pellentesque ultrices phasellus id sapien in sapien iaculis congue vivamus metus arcu,mus etiam vel augue vestibulum rutrum rutrum neque aenean auctor gravida sem praesent id massa id nisl venenatis lacinia
224,non ligula pellentesque ultrices phasellus id sapien in sapien iaculis congue,venenatis turpis enim blandit mi in porttitor pede justo eu massa donec dapibus duis
225,nibh quisque id justo sit amet sapien dignissim vestibulum vestibulum ante ipsum primis in,accumsan odio curabitur convallis duis consequat dui nec nisi volutpat eleifend donec ut dolor morbi vel lectus
226,consequat in consequat ut nulla sed accumsan felis ut at dolor,mauris ullamcorper purus sit amet nulla quisque arcu libero rutrum ac lobortis vel
227,suspendisse potenti in eleifend quam a odio in hac habitasse platea,eget vulputate ut ultrices vel augue vestibulum ante ipsum primis in faucibus orci luctus et ultrices
228,ut massa quis augue luctus tincidunt nulla mollis molestie lorem quisque ut erat curabitur gravida nisi at nibh in,natoque penatibus et magnis dis parturient montes nascetur ridiculus mus etiam vel augue vestibulum
229,ultricies eu nibh quisque id justo sit amet sapien dignissim vestibulum vestibulum ante ipsum primis in faucibus orci,massa id nisl venenatis lacinia aenean sit amet justo morbi ut odio cras mi pede malesuada in imperdiet et commodo
230,nunc purus phasellus in felis donec semper sapien a libero nam dui proin leo,lorem id ligula suspendisse ornare consequat lectus in est risus auctor sed tristique in
231,ligula pellentesque ultrices phasellus id sapien in sapien iaculis congue vivamus metus arcu adipiscing molestie hendrerit at vulputate,nec nisi volutpat eleifend donec ut dolor morbi vel lectus in quam fringilla rhoncus mauris enim leo
232,suspendisse potenti cras in purus eu magna vulputate luctus cum,vitae mattis nibh ligula nec sem duis aliquam convallis nunc
233,in leo maecenas pulvinar lobortis est phasellus sit amet erat nulla tempus vivamus in felis,lectus pellentesque at nulla suspendisse potenti cras in purus eu magna vulputate luctus cum sociis
234,orci nullam molestie nibh in lectus pellentesque at nulla suspendisse potenti cras in purus eu magna vulputate luctus cum sociis,suscipit a feugiat et eros vestibulum ac est lacinia nisi venenatis tristique fusce congue diam id ornare imperdiet sapien
235,lorem quisque ut erat curabitur gravida nisi at nibh in hac,rhoncus mauris enim leo rhoncus sed vestibulum sit amet cursus
236,in quis justo maecenas rhoncus aliquam lacus morbi quis tortor id nulla ultrices aliquet maecenas,nullam varius nulla facilisi cras non velit nec nisi vulputate nonummy maecenas
237,nec euismod scelerisque quam turpis adipiscing lorem vitae mattis nibh ligula nec sem,at vulputate vitae nisl aenean lectus pellentesque eget nunc donec quis orci eget orci vehicula condimentum curabitur in
238,nibh quisque id justo sit amet sapien dignissim vestibulum vestibulum ante ipsum primis in faucibus orci luctus,nullam orci pede venenatis non sodales sed tincidunt eu felis fusce
239,nisi vulputate nonummy maecenas tincidunt lacus at velit vivamus vel,tortor quis turpis sed ante vivamus tortor duis mattis egestas metus aenean
240,a feugiat et eros vestibulum ac est lacinia nisi venenatis tristique fusce congue diam id ornare imperdiet sapien urna pretium,mus etiam vel augue vestibulum rutrum rutrum neque aenean auctor gravida sem praesent id massa id nisl venenatis lacinia
241,euismod scelerisque quam turpis adipiscing lorem vitae mattis nibh ligula nec sem duis aliquam,rutrum rutrum neque aenean auctor gravida sem praesent id massa id nisl venenatis lacinia aenean sit amet justo
242,platea dictumst etiam faucibus cursus urna ut tellus nulla ut erat id mauris vulputate,sapien sapien non mi integer ac neque duis bibendum morbi non quam nec
243,pede ullamcorper augue a suscipit nulla elit ac nulla sed vel enim sit amet nunc viverra dapibus nulla suscipit ligula,amet justo morbi ut odio cras mi pede malesuada in imperdiet et commodo vulputate justo in blandit ultrices enim lorem
244,rutrum rutrum neque aenean auctor gravida sem praesent id massa,nisl nunc nisl duis bibendum felis sed interdum venenatis turpis enim blandit mi in porttitor pede
245,erat id mauris vulputate elementum nullam varius nulla facilisi cras,posuere felis sed lacus morbi sem mauris laoreet ut rhoncus
246,eu orci mauris lacinia sapien quis libero nullam sit amet,egestas metus aenean fermentum donec ut mauris eget massa tempor
247,diam cras pellentesque volutpat dui maecenas tristique est et tempus semper est quam pharetra magna ac consequat metus sapien ut,nulla suscipit ligula in lacus curabitur at ipsum ac tellus semper interdum
248,et ultrices posuere cubilia curae mauris viverra diam vitae quam suspendisse potenti nullam porttitor lacus at turpis,porttitor lorem id ligula suspendisse ornare consequat lectus in est risus auctor sed tristique in tempus
249,ullamcorper augue a suscipit nulla elit ac nulla sed vel enim sit amet nunc viverra,dolor quis odio consequat varius integer ac leo pellentesque ultrices mattis odio donec vitae nisi nam ultrices libero non mattis
250,pretium iaculis diam erat fermentum justo nec condimentum neque sapien placerat ante nulla justo aliquam quis,pretium iaculis diam erat fermentum justo nec condimentum neque sapien placerat ante nulla justo aliquam quis turpis eget elit
251,accumsan odio curabitur convallis duis consequat dui nec nisi volutpat eleifend donec ut dolor morbi vel,dis parturient montes nascetur ridiculus mus etiam vel augue vestibulum rutrum rutrum neque aenean auctor gravida sem
252,quis odio consequat varius integer ac leo pellentesque ultrices mattis odio donec vitae nisi nam ultrices,pede justo lacinia eget tincidunt eget tempus vel pede morbi porttitor lorem id ligula suspendisse ornare consequat lectus
253,adipiscing lorem vitae mattis nibh ligula nec sem duis aliquam,sit amet nulla quisque arcu libero rutrum ac lobortis vel dapibus at diam nam tristique tortor eu pede
254,ligula sit amet eleifend pede libero quis orci nullam molestie nibh,volutpat in congue etiam justo etiam pretium iaculis justo in hac habitasse platea dictumst etiam faucibus cursus urna
255,dolor sit amet consectetuer adipiscing elit proin interdum mauris non ligula,eros vestibulum ac est lacinia nisi venenatis tristique fusce congue diam id ornare imperdiet sapien urna pretium nisl ut
256,ultrices aliquet maecenas leo odio condimentum id luctus nec molestie sed justo pellentesque viverra pede ac diam cras,integer a nibh in quis justo maecenas rhoncus aliquam lacus morbi quis tortor id nulla ultrices aliquet maecenas leo odio
257,dapibus duis at velit eu est congue elementum in hac habitasse platea dictumst morbi vestibulum velit id pretium iaculis,vulputate nonummy maecenas tincidunt lacus at velit vivamus vel nulla eget eros elementum pellentesque quisque porta volutpat erat quisque
258,et eros vestibulum ac est lacinia nisi venenatis tristique fusce congue diam id ornare imperdiet sapien,diam neque vestibulum eget vulputate ut ultrices vel augue vestibulum ante ipsum primis in faucibus orci
259,congue eget semper rutrum nulla nunc purus phasellus in felis donec semper sapien a libero nam dui proin leo odio,varius nulla facilisi cras non velit nec nisi vulputate nonummy maecenas tincidunt lacus at
260,vestibulum quam sapien varius ut blandit non interdum in ante vestibulum,posuere cubilia curae duis faucibus accumsan odio curabitur convallis duis consequat dui nec nisi volutpat eleifend
261,sed nisl nunc rhoncus dui vel sem sed sagittis nam congue risus semper,nullam molestie nibh in lectus pellentesque at nulla suspendisse potenti cras
262,tristique est et tempus semper est quam pharetra magna ac,vivamus tortor duis mattis egestas metus aenean fermentum donec ut mauris eget massa
263,venenatis turpis enim blandit mi in porttitor pede justo eu massa donec dapibus duis at,morbi non lectus aliquam sit amet diam in magna bibendum imperdiet nullam orci pede venenatis non sodales sed
264,pulvinar nulla pede ullamcorper augue a suscipit nulla elit ac nulla sed vel enim sit amet,nunc purus phasellus in felis donec semper sapien a libero nam dui proin leo odio porttitor
265,tortor id nulla ultrices aliquet maecenas leo odio condimentum id luctus nec molestie sed justo pellentesque viverra pede,fusce consequat nulla nisl nunc nisl duis bibendum felis sed
266,id luctus nec molestie sed justo pellentesque viverra pede ac diam cras pellentesque volutpat dui maecenas tristique est,vestibulum ac est lacinia nisi venenatis tristique fusce congue diam id ornare imperdiet sapien urna pretium
267,sociis natoque penatibus et magnis dis parturient montes nascetur ridiculus mus vivamus vestibulum sagittis sapien cum sociis,duis at velit eu est congue elementum in hac habitasse platea dictumst
268,ut volutpat sapien arcu sed augue aliquam erat volutpat in congue etiam justo etiam,mi in porttitor pede justo eu massa donec dapibus duis at velit eu est congue elementum in
269,platea dictumst etiam faucibus cursus urna ut tellus nulla ut erat,diam in magna bibendum imperdiet nullam orci pede venenatis non sodales sed tincidunt
270,aliquet at feugiat non pretium quis lectus suspendisse potenti in eleifend quam a odio in hac habitasse platea dictumst,vitae nisl aenean lectus pellentesque eget nunc donec quis orci eget orci vehicula condimentum curabitur in libero ut massa
271,sapien urna pretium nisl ut volutpat sapien arcu sed augue,in leo maecenas pulvinar lobortis est phasellus sit amet erat nulla tempus vivamus in felis eu
272,sapien placerat ante nulla justo aliquam quis turpis eget elit sodales scelerisque mauris sit amet eros suspendisse,id turpis integer aliquet massa id lobortis convallis tortor risus dapibus augue vel
273,donec odio justo sollicitudin ut suscipit a feugiat et eros vestibulum ac est lacinia nisi,convallis eget eleifend luctus ultricies eu nibh quisque id justo sit amet sapien dignissim vestibulum vestibulum ante
274,nisi volutpat eleifend donec ut dolor morbi vel lectus in quam fringilla rhoncus mauris,non mattis pulvinar nulla pede ullamcorper augue a suscipit nulla elit ac nulla sed
275,non ligula pellentesque ultrices phasellus id sapien in sapien iaculis congue vivamus metus,nec molestie sed justo pellentesque viverra pede ac diam cras pellentesque volutpat dui maecenas tristique est et tempus semper
276,orci mauris lacinia sapien quis libero nullam sit amet turpis,eleifend donec ut dolor morbi vel lectus in quam fringilla rhoncus mauris enim leo
277,accumsan tellus nisi eu orci mauris lacinia sapien quis libero nullam sit amet,orci luctus et ultrices posuere cubilia curae donec pharetra magna vestibulum aliquet ultrices erat tortor sollicitudin mi sit amet lobortis
278,bibendum imperdiet nullam orci pede venenatis non sodales sed tincidunt eu felis,pede lobortis ligula sit amet eleifend pede libero quis orci nullam molestie nibh
279,ut dolor morbi vel lectus in quam fringilla rhoncus mauris enim leo rhoncus sed vestibulum sit,odio cras mi pede malesuada in imperdiet et commodo vulputate justo in blandit ultrices
280,nec dui luctus rutrum nulla tellus in sagittis dui vel nisl duis ac nibh fusce lacus purus,erat curabitur gravida nisi at nibh in hac habitasse platea dictumst aliquam augue quam sollicitudin vitae consectetuer
281,consequat morbi a ipsum integer a nibh in quis justo maecenas rhoncus aliquam lacus morbi quis tortor id nulla,accumsan felis ut at dolor quis odio consequat varius integer
282,in ante vestibulum ante ipsum primis in faucibus orci luctus et ultrices posuere cubilia curae duis faucibus accumsan odio curabitur,nisl duis bibendum felis sed interdum venenatis turpis enim blandit mi in porttitor pede justo eu
283,in est risus auctor sed tristique in tempus sit amet sem fusce,duis faucibus accumsan odio curabitur convallis duis consequat dui nec nisi volutpat eleifend donec ut
284,convallis nulla neque libero convallis eget eleifend luctus ultricies eu nibh quisque id justo sit amet sapien,eget eros elementum pellentesque quisque porta volutpat erat quisque erat eros viverra eget congue eget semper rutrum nulla nunc
285,habitasse platea dictumst aliquam augue quam sollicitudin vitae consectetuer eget rutrum at lorem integer tincidunt ante vel,aliquam sit amet diam in magna bibendum imperdiet nullam orci pede venenatis non sodales sed tincidunt eu felis fusce posuere
286,nibh in lectus pellentesque at nulla suspendisse potenti cras in purus eu magna vulputate luctus cum sociis,faucibus orci luctus et ultrices posuere cubilia curae duis faucibus accumsan odio curabitur convallis duis consequat dui nec nisi
287,nisi eu orci mauris lacinia sapien quis libero nullam sit amet turpis elementum ligula vehicula consequat morbi a,at turpis a pede posuere nonummy integer non velit donec diam neque vestibulum eget vulputate ut ultrices vel
288,elementum nullam varius nulla facilisi cras non velit nec nisi vulputate nonummy maecenas tincidunt lacus at velit vivamus vel nulla,curabitur at ipsum ac tellus semper interdum mauris ullamcorper purus sit amet nulla
289,vitae mattis nibh ligula nec sem duis aliquam convallis nunc proin at turpis a,vestibulum sagittis sapien cum sociis natoque penatibus et magnis dis parturient montes nascetur ridiculus mus etiam vel
290,morbi non quam nec dui luctus rutrum nulla tellus in sagittis dui vel nisl duis ac nibh,turpis nec euismod scelerisque quam turpis adipiscing lorem vitae mattis nibh ligula nec sem duis aliquam convallis nunc
291,tortor sollicitudin mi sit amet lobortis sapien sapien non mi integer ac neque,convallis nulla neque libero convallis eget eleifend luctus ultricies eu nibh quisque id justo sit
292,fusce congue diam id ornare imperdiet sapien urna pretium nisl ut volutpat sapien arcu sed augue aliquam erat,quis justo maecenas rhoncus aliquam lacus morbi quis tortor id nulla ultrices
293,ut blandit non interdum in ante vestibulum ante ipsum primis in faucibus orci luctus et ultrices posuere,sed sagittis nam congue risus semper porta volutpat quam pede lobortis ligula sit amet
294,ante ipsum primis in faucibus orci luctus et ultrices posuere cubilia curae duis faucibus accumsan odio curabitur convallis duis,morbi non quam nec dui luctus rutrum nulla tellus in sagittis
295,aliquam sit amet diam in magna bibendum imperdiet nullam orci pede venenatis non sodales sed tincidunt eu felis fusce posuere,sit amet sem fusce consequat nulla nisl nunc nisl duis bibendum felis
296,primis in faucibus orci luctus et ultrices posuere cubilia curae mauris viverra,potenti in eleifend quam a odio in hac habitasse platea dictumst maecenas ut
297,vel nulla eget eros elementum pellentesque quisque porta volutpat erat quisque,eget nunc donec quis orci eget orci vehicula condimentum curabitur in libero ut massa volutpat convallis morbi odio odio elementum
298,neque aenean auctor gravida sem praesent id massa id nisl venenatis,elementum pellentesque quisque porta volutpat erat quisque erat eros viverra eget congue eget semper
299,justo etiam pretium iaculis justo in hac habitasse platea dictumst etiam,duis bibendum morbi non quam nec dui luctus rutrum nulla tellus in sagittis dui vel nisl duis ac nibh fusce
300,in libero ut massa volutpat convallis morbi odio odio elementum eu interdum eu tincidunt in leo maecenas pulvinar lobortis,donec vitae nisi nam ultrices libero non mattis pulvinar nulla
301,ultrices enim lorem ipsum dolor sit amet consectetuer adipiscing elit,nisl nunc nisl duis bibendum felis sed interdum venenatis turpis enim blandit mi in
302,molestie lorem quisque ut erat curabitur gravida nisi at nibh in hac habitasse platea dictumst aliquam,pellentesque quisque porta volutpat erat quisque erat eros viverra eget congue eget semper rutrum nulla
303,vel ipsum praesent blandit lacinia erat vestibulum sed magna at nunc commodo placerat praesent blandit nam nulla integer,felis eu sapien cursus vestibulum proin eu mi nulla ac enim
304,vitae consectetuer eget rutrum at lorem integer tincidunt ante vel ipsum praesent blandit lacinia erat vestibulum sed magna,eget rutrum at lorem integer tincidunt ante vel ipsum praesent
305,ac nulla sed vel enim sit amet nunc viverra dapibus nulla,magnis dis parturient montes nascetur ridiculus mus vivamus vestibulum sagittis sapien cum sociis natoque penatibus
306,nullam porttitor lacus at turpis donec posuere metus vitae ipsum,vel accumsan tellus nisi eu orci mauris lacinia sapien quis libero nullam sit amet turpis elementum ligula vehicula consequat morbi
307,nibh quisque id justo sit amet sapien dignissim vestibulum vestibulum ante ipsum primis in faucibus orci luctus et,vitae ipsum aliquam non mauris morbi non lectus aliquam sit amet diam in magna bibendum imperdiet nullam orci pede venenatis
308,morbi a ipsum integer a nibh in quis justo maecenas rhoncus aliquam lacus morbi quis tortor id nulla ultrices,eros suspendisse accumsan tortor quis turpis sed ante vivamus tortor duis mattis egestas metus aenean
309,nunc donec quis orci eget orci vehicula condimentum curabitur in,hac habitasse platea dictumst maecenas ut massa quis augue luctus tincidunt nulla mollis molestie
310,amet sem fusce consequat nulla nisl nunc nisl duis bibendum felis sed interdum venenatis turpis enim,viverra dapibus nulla suscipit ligula in lacus curabitur at ipsum ac tellus semper interdum mauris ullamcorper purus
311,consectetuer adipiscing elit proin interdum mauris non ligula pellentesque ultrices phasellus,mi in porttitor pede justo eu massa donec dapibus duis
312,id lobortis convallis tortor risus dapibus augue vel accumsan tellus nisi eu orci mauris lacinia sapien quis libero nullam sit,sapien iaculis congue vivamus metus arcu adipiscing molestie hendrerit at vulputate vitae nisl aenean lectus pellentesque eget nunc
313,vivamus in felis eu sapien cursus vestibulum proin eu mi nulla,lacinia sapien quis libero nullam sit amet turpis elementum ligula vehicula consequat morbi a ipsum
314,vel accumsan tellus nisi eu orci mauris lacinia sapien quis libero nullam sit amet,orci luctus et ultrices posuere cubilia curae nulla dapibus dolor
315,vel augue vestibulum ante ipsum primis in faucibus orci luctus,id ornare imperdiet sapien urna pretium nisl ut volutpat sapien arcu sed augue
316,quisque id justo sit amet sapien dignissim vestibulum vestibulum ante ipsum primis in faucibus orci luctus et,nulla dapibus dolor vel est donec odio justo sollicitudin ut suscipit a
317,sem sed sagittis nam congue risus semper porta volutpat quam pede lobortis ligula sit amet eleifend,lacus curabitur at ipsum ac tellus semper interdum mauris ullamcorper purus sit amet nulla quisque arcu
318,in tempor turpis nec euismod scelerisque quam turpis adipiscing lorem vitae mattis nibh ligula nec sem duis aliquam convallis nunc,mauris morbi non lectus aliquam sit amet diam in magna bibendum imperdiet nullam orci pede venenatis non sodales
319,ligula sit amet eleifend pede libero quis orci nullam molestie nibh in lectus pellentesque at nulla suspendisse,vestibulum velit id pretium iaculis diam erat fermentum justo nec condimentum neque sapien placerat ante nulla justo aliquam quis
320,libero ut massa volutpat convallis morbi odio odio elementum eu interdum eu tincidunt,augue luctus tincidunt nulla mollis molestie lorem quisque ut erat curabitur gravida nisi at nibh
321,ultrices posuere cubilia curae nulla dapibus dolor vel est donec odio justo sollicitudin ut suscipit a feugiat et,etiam faucibus cursus urna ut tellus nulla ut erat id mauris vulputate
322,vel enim sit amet nunc viverra dapibus nulla suscipit ligula in lacus curabitur at ipsum ac tellus semper interdum,dolor vel est donec odio justo sollicitudin ut suscipit a feugiat et eros vestibulum ac est
323,neque sapien placerat ante nulla justo aliquam quis turpis eget,id justo sit amet sapien dignissim vestibulum vestibulum ante ipsum primis in faucibus orci
324,aliquet massa id lobortis convallis tortor risus dapibus augue vel accumsan tellus nisi eu orci mauris lacinia sapien,parturient montes nascetur ridiculus mus vivamus vestibulum sagittis sapien cum sociis natoque
325,ultrices enim lorem ipsum dolor sit amet consectetuer adipiscing elit proin interdum,amet diam in magna bibendum imperdiet nullam orci pede venenatis non sodales sed tincidunt eu felis fusce posuere
326,orci nullam molestie nibh in lectus pellentesque at nulla suspendisse potenti cras in purus,sapien a libero nam dui proin leo odio porttitor id consequat in consequat ut nulla sed accumsan felis ut
327,tortor sollicitudin mi sit amet lobortis sapien sapien non mi integer ac neque duis,vestibulum sagittis sapien cum sociis natoque penatibus et magnis dis parturient montes nascetur
328,dapibus dolor vel est donec odio justo sollicitudin ut suscipit a feugiat,leo odio condimentum id luctus nec molestie sed justo pellentesque viverra pede ac diam cras pellentesque volutpat
329,elit ac nulla sed vel enim sit amet nunc viverra dapibus,tortor quis turpis sed ante vivamus tortor duis mattis egestas metus aenean fermentum donec ut mauris
330,proin eu mi nulla ac enim in tempor turpis nec euismod scelerisque quam turpis,curae nulla dapibus dolor vel est donec odio justo sollicitudin
331,sagittis sapien cum sociis natoque penatibus et magnis dis parturient montes,volutpat in congue etiam justo etiam pretium iaculis justo in hac habitasse platea dictumst
332,id nulla ultrices aliquet maecenas leo odio condimentum id luctus nec molestie,mus vivamus vestibulum sagittis sapien cum sociis natoque penatibus et magnis dis parturient montes nascetur ridiculus mus etiam vel
333,id lobortis convallis tortor risus dapibus augue vel accumsan tellus nisi eu orci mauris lacinia sapien quis libero nullam sit,eleifend quam a odio in hac habitasse platea dictumst maecenas ut
334,tempor convallis nulla neque libero convallis eget eleifend luctus ultricies eu nibh quisque id justo sit amet sapien dignissim vestibulum,cubilia curae nulla dapibus dolor vel est donec odio justo sollicitudin ut suscipit a feugiat et eros vestibulum ac est
335,lacinia sapien quis libero nullam sit amet turpis elementum ligula vehicula consequat morbi a,lorem vitae mattis nibh ligula nec sem duis aliquam convallis nunc proin at turpis a pede posuere nonummy integer
336,nunc proin at turpis a pede posuere nonummy integer non velit donec diam,nunc nisl duis bibendum felis sed interdum venenatis turpis enim blandit mi in porttitor pede justo eu massa donec dapibus
337,in tempor turpis nec euismod scelerisque quam turpis adipiscing lorem vitae,nullam sit amet turpis elementum ligula vehicula consequat morbi a ipsum integer
338,faucibus orci luctus et ultrices posuere cubilia curae mauris viverra diam vitae quam,justo pellentesque viverra pede ac diam cras pellentesque volutpat dui
339,pede justo eu massa donec dapibus duis at velit eu est congue elementum in hac habitasse platea dictumst morbi vestibulum,leo odio condimentum id luctus nec molestie sed justo pellentesque viverra pede ac diam cras
340,nec condimentum neque sapien placerat ante nulla justo aliquam quis,pellentesque viverra pede ac diam cras pellentesque volutpat dui maecenas tristique est et tempus semper est quam
341,ut suscipit a feugiat et eros vestibulum ac est lacinia nisi venenatis,platea dictumst morbi vestibulum velit id pretium iaculis diam erat fermentum justo nec condimentum neque sapien placerat ante nulla justo
342,vivamus in felis eu sapien cursus vestibulum proin eu mi nulla ac enim in tempor turpis,justo in hac habitasse platea dictumst etiam faucibus cursus urna ut tellus nulla ut erat id
343,pede justo lacinia eget tincidunt eget tempus vel pede morbi porttitor lorem id ligula suspendisse ornare consequat lectus in est,ante ipsum primis in faucibus orci luctus et ultrices posuere
344,eu felis fusce posuere felis sed lacus morbi sem mauris laoreet ut rhoncus,dis parturient montes nascetur ridiculus mus vivamus vestibulum sagittis sapien cum sociis natoque penatibus et magnis dis parturient montes
345,sed vestibulum sit amet cursus id turpis integer aliquet massa id lobortis convallis tortor risus,molestie lorem quisque ut erat curabitur gravida nisi at nibh
346,nibh in quis justo maecenas rhoncus aliquam lacus morbi quis,ultrices vel augue vestibulum ante ipsum primis in faucibus orci luctus et ultrices
347,nullam orci pede venenatis non sodales sed tincidunt eu felis fusce posuere felis sed lacus morbi,quis libero nullam sit amet turpis elementum ligula vehicula consequat morbi a ipsum integer
348,velit eu est congue elementum in hac habitasse platea dictumst,duis ac nibh fusce lacus purus aliquet at feugiat non pretium quis lectus suspendisse
349,duis aliquam convallis nunc proin at turpis a pede posuere nonummy integer,aliquet massa id lobortis convallis tortor risus dapibus augue vel accumsan tellus nisi eu
350,sapien dignissim vestibulum vestibulum ante ipsum primis in faucibus orci,pulvinar sed nisl nunc rhoncus dui vel sem sed sagittis nam
351,sed magna at nunc commodo placerat praesent blandit nam nulla integer,molestie hendrerit at vulputate vitae nisl aenean lectus pellentesque eget
352,purus sit amet nulla quisque arcu libero rutrum ac lobortis vel,vestibulum quam sapien varius ut blandit non interdum in ante vestibulum ante ipsum
353,elementum eu interdum eu tincidunt in leo maecenas pulvinar lobortis est phasellus sit amet erat nulla tempus vivamus in felis,ante ipsum primis in faucibus orci luctus et ultrices posuere cubilia curae donec pharetra magna vestibulum aliquet ultrices erat tortor
354,lobortis sapien sapien non mi integer ac neque duis bibendum morbi non quam nec dui luctus rutrum nulla tellus in,sem fusce consequat nulla nisl nunc nisl duis bibendum felis sed interdum venenatis
355,nulla justo aliquam quis turpis eget elit sodales scelerisque mauris,luctus et ultrices posuere cubilia curae mauris viverra diam vitae quam suspendisse potenti nullam porttitor lacus at turpis donec
356,primis in faucibus orci luctus et ultrices posuere cubilia curae nulla dapibus,nisl nunc nisl duis bibendum felis sed interdum venenatis turpis enim blandit
357,amet sem fusce consequat nulla nisl nunc nisl duis bibendum felis sed interdum venenatis,congue eget semper rutrum nulla nunc purus phasellus in felis
358,dui proin leo odio porttitor id consequat in consequat ut nulla sed accumsan,integer ac leo pellentesque ultrices mattis odio donec vitae nisi
359,congue etiam justo etiam pretium iaculis justo in hac habitasse platea dictumst etiam faucibus cursus urna ut tellus,enim sit amet nunc viverra dapibus nulla suscipit ligula in
360,id nulla ultrices aliquet maecenas leo odio condimentum id luctus,pellentesque ultrices phasellus id sapien in sapien iaculis congue vivamus metus arcu adipiscing molestie hendrerit at
361,nunc viverra dapibus nulla suscipit ligula in lacus curabitur at ipsum ac tellus semper interdum,turpis eget elit sodales scelerisque mauris sit amet eros suspendisse accumsan tortor quis turpis sed ante vivamus
362,nullam molestie nibh in lectus pellentesque at nulla suspendisse potenti cras in purus eu magna vulputate luctus cum sociis,integer ac leo pellentesque ultrices mattis odio donec vitae nisi
363,nulla justo aliquam quis turpis eget elit sodales scelerisque mauris sit amet eros suspendisse accumsan tortor quis turpis,ullamcorper purus sit amet nulla quisque arcu libero rutrum ac lobortis vel dapibus at diam nam tristique tortor eu
364,scelerisque quam turpis adipiscing lorem vitae mattis nibh ligula nec sem duis aliquam,amet lobortis sapien sapien non mi integer ac neque duis bibendum
365,in lectus pellentesque at nulla suspendisse potenti cras in purus eu magna vulputate,convallis nunc proin at turpis a pede posuere nonummy integer non velit donec diam neque vestibulum eget vulputate ut ultrices
366,augue vestibulum rutrum rutrum neque aenean auctor gravida sem praesent id massa id nisl venenatis lacinia,consectetuer adipiscing elit proin interdum mauris non ligula pellentesque ultrices
367,ultrices libero non mattis pulvinar nulla pede ullamcorper augue a suscipit nulla elit ac nulla sed vel enim,imperdiet sapien urna pretium nisl ut volutpat sapien arcu sed augue aliquam erat volutpat in congue etiam justo etiam pretium
368,est et tempus semper est quam pharetra magna ac consequat metus sapien ut,ut ultrices vel augue vestibulum ante ipsum primis in faucibus orci luctus et ultrices posuere cubilia curae donec pharetra
369,massa id lobortis convallis tortor risus dapibus augue vel accumsan tellus nisi eu orci mauris lacinia sapien quis libero nullam,nunc purus phasellus in felis donec semper sapien a libero nam
370,aliquam sit amet diam in magna bibendum imperdiet nullam orci pede venenatis non sodales sed,ipsum primis in faucibus orci luctus et ultrices posuere cubilia curae donec pharetra magna vestibulum aliquet ultrices
371,quisque porta volutpat erat quisque erat eros viverra eget congue eget semper rutrum nulla nunc purus phasellus in,duis faucibus accumsan odio curabitur convallis duis consequat dui nec nisi volutpat eleifend donec ut dolor
372,erat vestibulum sed magna at nunc commodo placerat praesent blandit nam,ipsum primis in faucibus orci luctus et ultrices posuere cubilia curae donec pharetra magna vestibulum aliquet ultrices
373,massa quis augue luctus tincidunt nulla mollis molestie lorem quisque ut erat,consequat in consequat ut nulla sed accumsan felis ut at dolor quis odio consequat varius integer ac leo pellentesque ultrices
374,nam congue risus semper porta volutpat quam pede lobortis ligula sit amet eleifend pede libero,curae mauris viverra diam vitae quam suspendisse potenti nullam porttitor lacus
375,magna vestibulum aliquet ultrices erat tortor sollicitudin mi sit amet lobortis sapien sapien non mi integer ac,condimentum neque sapien placerat ante nulla justo aliquam quis turpis eget elit sodales scelerisque mauris
376,in quis justo maecenas rhoncus aliquam lacus morbi quis tortor,velit nec nisi vulputate nonummy maecenas tincidunt lacus at velit vivamus
377,lorem id ligula suspendisse ornare consequat lectus in est risus auctor sed tristique in tempus sit amet,ut at dolor quis odio consequat varius integer ac leo pellentesque ultrices mattis odio donec vitae nisi nam ultrices
378,morbi sem mauris laoreet ut rhoncus aliquet pulvinar sed nisl nunc,dolor quis odio consequat varius integer ac leo pellentesque ultrices mattis
379,ultrices erat tortor sollicitudin mi sit amet lobortis sapien sapien non mi integer ac neque duis bibendum morbi,ornare consequat lectus in est risus auctor sed tristique in tempus sit amet sem fusce consequat nulla nisl nunc
380,duis consequat dui nec nisi volutpat eleifend donec ut dolor morbi vel lectus,erat curabitur gravida nisi at nibh in hac habitasse platea dictumst aliquam augue quam sollicitudin vitae consectetuer
381,eget vulputate ut ultrices vel augue vestibulum ante ipsum primis in faucibus orci luctus et ultrices posuere cubilia curae donec,hac habitasse platea dictumst morbi vestibulum velit id pretium iaculis diam erat fermentum justo nec
382,donec semper sapien a libero nam dui proin leo odio porttitor id consequat in consequat,lacinia erat vestibulum sed magna at nunc commodo placerat praesent blandit nam nulla integer pede
383,massa id lobortis convallis tortor risus dapibus augue vel accumsan tellus nisi eu orci mauris lacinia sapien quis libero nullam,vel augue vestibulum ante ipsum primis in faucibus orci luctus et ultrices posuere cubilia curae donec pharetra magna vestibulum aliquet
384,a odio in hac habitasse platea dictumst maecenas ut massa quis augue luctus tincidunt nulla mollis molestie lorem quisque ut,maecenas rhoncus aliquam lacus morbi quis tortor id nulla ultrices aliquet maecenas leo odio condimentum id luctus nec
385,turpis integer aliquet massa id lobortis convallis tortor risus dapibus augue,massa id nisl venenatis lacinia aenean sit amet justo morbi ut odio cras mi
386,in leo maecenas pulvinar lobortis est phasellus sit amet erat nulla tempus,non velit donec diam neque vestibulum eget vulputate ut ultrices vel augue vestibulum ante ipsum primis in
387,nunc nisl duis bibendum felis sed interdum venenatis turpis enim blandit mi in porttitor pede justo eu massa,lorem vitae mattis nibh ligula nec sem duis aliquam convallis nunc proin at turpis a pede
388,quis justo maecenas rhoncus aliquam lacus morbi quis tortor id nulla ultrices aliquet maecenas leo odio,vitae nisi nam ultrices libero non mattis pulvinar nulla pede ullamcorper augue
389,pellentesque quisque porta volutpat erat quisque erat eros viverra eget congue eget semper rutrum nulla nunc purus phasellus in felis,pharetra magna ac consequat metus sapien ut nunc vestibulum ante ipsum
390,viverra dapibus nulla suscipit ligula in lacus curabitur at ipsum ac tellus,mauris ullamcorper purus sit amet nulla quisque arcu libero rutrum ac lobortis vel dapibus at
391,lectus pellentesque at nulla suspendisse potenti cras in purus eu magna vulputate luctus cum sociis natoque penatibus,faucibus orci luctus et ultrices posuere cubilia curae duis faucibus accumsan odio curabitur convallis duis consequat
392,consequat ut nulla sed accumsan felis ut at dolor quis odio consequat varius,sagittis nam congue risus semper porta volutpat quam pede lobortis ligula sit amet eleifend pede libero quis orci nullam molestie
393,nibh in hac habitasse platea dictumst aliquam augue quam sollicitudin vitae consectetuer eget rutrum at lorem integer,mauris vulputate elementum nullam varius nulla facilisi cras non velit
394,in felis eu sapien cursus vestibulum proin eu mi nulla ac enim in tempor turpis nec euismod scelerisque quam turpis,non pretium quis lectus suspendisse potenti in eleifend quam a odio in
395,vestibulum ante ipsum primis in faucibus orci luctus et ultrices posuere cubilia curae,primis in faucibus orci luctus et ultrices posuere cubilia curae duis
396,aliquet at feugiat non pretium quis lectus suspendisse potenti in eleifend,id mauris vulputate elementum nullam varius nulla facilisi cras non velit nec nisi
397,semper porta volutpat quam pede lobortis ligula sit amet eleifend pede libero quis orci nullam molestie nibh,semper porta volutpat quam pede lobortis ligula sit amet eleifend pede libero quis orci nullam molestie nibh in lectus pellentesque
398,integer non velit donec diam neque vestibulum eget vulputate ut ultrices,velit eu est congue elementum in hac habitasse platea dictumst morbi vestibulum velit id pretium iaculis diam erat fermentum justo
399,quis orci eget orci vehicula condimentum curabitur in libero ut,consequat nulla nisl nunc nisl duis bibendum felis sed interdum venenatis turpis enim blandit mi in porttitor pede justo
400,elementum ligula vehicula consequat morbi a ipsum integer a nibh in quis,ac tellus semper interdum mauris ullamcorper purus sit amet nulla quisque
401,pede morbi porttitor lorem id ligula suspendisse ornare consequat lectus,nisl ut volutpat sapien arcu sed augue aliquam erat volutpat in congue etiam justo etiam pretium iaculis justo
402,orci luctus et ultrices posuere cubilia curae donec pharetra magna vestibulum aliquet ultrices erat tortor sollicitudin,vestibulum ante ipsum primis in faucibus orci luctus et ultrices
403,ultrices posuere cubilia curae duis faucibus accumsan odio curabitur convallis duis consequat dui nec nisi volutpat eleifend donec,donec semper sapien a libero nam dui proin leo odio porttitor id consequat in consequat ut nulla sed accumsan felis
404,et eros vestibulum ac est lacinia nisi venenatis tristique fusce congue diam id ornare imperdiet sapien urna,tortor id nulla ultrices aliquet maecenas leo odio condimentum id luctus nec molestie sed justo pellentesque viverra
405,pede malesuada in imperdiet et commodo vulputate justo in blandit ultrices enim lorem ipsum,at velit eu est congue elementum in hac habitasse platea dictumst morbi vestibulum velit id pretium iaculis diam
406,curabitur convallis duis consequat dui nec nisi volutpat eleifend donec,auctor sed tristique in tempus sit amet sem fusce consequat nulla nisl nunc nisl duis
407,quis lectus suspendisse potenti in eleifend quam a odio in hac habitasse platea dictumst,interdum eu tincidunt in leo maecenas pulvinar lobortis est phasellus sit amet erat nulla tempus
408,amet justo morbi ut odio cras mi pede malesuada in imperdiet et commodo,odio condimentum id luctus nec molestie sed justo pellentesque viverra pede
409,consequat lectus in est risus auctor sed tristique in tempus sit amet sem fusce consequat nulla,id nulla ultrices aliquet maecenas leo odio condimentum id luctus nec
410,aenean auctor gravida sem praesent id massa id nisl venenatis lacinia aenean,non mi integer ac neque duis bibendum morbi non quam nec dui luctus rutrum nulla tellus in sagittis
411,tincidunt in leo maecenas pulvinar lobortis est phasellus sit amet,pede morbi porttitor lorem id ligula suspendisse ornare consequat lectus in est risus auctor sed tristique in tempus sit amet
412,mattis odio donec vitae nisi nam ultrices libero non mattis pulvinar nulla pede ullamcorper augue,molestie nibh in lectus pellentesque at nulla suspendisse potenti cras in
413,consequat morbi a ipsum integer a nibh in quis justo maecenas,sapien placerat ante nulla justo aliquam quis turpis eget elit sodales scelerisque mauris sit amet eros
414,tellus in sagittis dui vel nisl duis ac nibh fusce lacus purus aliquet at feugiat non pretium quis lectus suspendisse,ante ipsum primis in faucibus orci luctus et ultrices posuere cubilia curae
415,proin interdum mauris non ligula pellentesque ultrices phasellus id sapien,erat fermentum justo nec condimentum neque sapien placerat ante nulla justo aliquam quis
416,pellentesque volutpat dui maecenas tristique est et tempus semper est quam pharetra magna ac consequat metus sapien ut nunc vestibulum,suspendisse accumsan tortor quis turpis sed ante vivamus tortor duis mattis egestas metus aenean fermentum
417,suspendisse potenti in eleifend quam a odio in hac habitasse,ligula vehicula consequat morbi a ipsum integer a nibh in quis
418,nullam orci pede venenatis non sodales sed tincidunt eu felis fusce posuere felis sed lacus morbi sem mauris laoreet,molestie sed justo pellentesque viverra pede ac diam cras pellentesque volutpat dui
419,consequat morbi a ipsum integer a nibh in quis justo,risus dapibus augue vel accumsan tellus nisi eu orci mauris lacinia sapien
420,morbi odio odio elementum eu interdum eu tincidunt in leo maecenas pulvinar lobortis est phasellus sit amet erat,praesent lectus vestibulum quam sapien varius ut blandit non interdum in ante vestibulum ante ipsum primis in
421,accumsan odio curabitur convallis duis consequat dui nec nisi volutpat eleifend donec ut dolor morbi vel lectus in quam fringilla,morbi non lectus aliquam sit amet diam in magna bibendum imperdiet nullam orci pede venenatis non sodales sed
422,ut nulla sed accumsan felis ut at dolor quis odio consequat varius integer ac leo pellentesque ultrices mattis odio donec,quis odio consequat varius integer ac leo pellentesque ultrices mattis odio donec vitae nisi nam ultrices libero non mattis pulvinar
423,justo aliquam quis turpis eget elit sodales scelerisque mauris sit amet eros suspendisse accumsan tortor,sit amet cursus id turpis integer aliquet massa id lobortis convallis tortor risus dapibus augue vel accumsan tellus nisi
424,leo pellentesque ultrices mattis odio donec vitae nisi nam ultrices libero non mattis pulvinar nulla pede ullamcorper augue a,ultrices aliquet maecenas leo odio condimentum id luctus nec molestie sed justo pellentesque viverra pede
425,diam id ornare imperdiet sapien urna pretium nisl ut volutpat sapien arcu sed augue aliquam erat volutpat in congue,nec sem duis aliquam convallis nunc proin at turpis a pede posuere nonummy integer non velit donec diam neque vestibulum
426,curabitur at ipsum ac tellus semper interdum mauris ullamcorper purus sit amet nulla quisque arcu,sed accumsan felis ut at dolor quis odio consequat varius integer ac leo pellentesque ultrices mattis odio donec vitae
427,felis donec semper sapien a libero nam dui proin leo odio porttitor id consequat in consequat ut nulla sed,nisl duis bibendum felis sed interdum venenatis turpis enim blandit mi in porttitor pede justo eu massa
428,maecenas ut massa quis augue luctus tincidunt nulla mollis molestie lorem quisque ut erat curabitur gravida nisi,sollicitudin vitae consectetuer eget rutrum at lorem integer tincidunt ante vel ipsum praesent blandit
429,mi integer ac neque duis bibendum morbi non quam nec dui luctus rutrum nulla tellus in,molestie hendrerit at vulputate vitae nisl aenean lectus pellentesque eget nunc donec
430,lacus morbi sem mauris laoreet ut rhoncus aliquet pulvinar sed,ultrices posuere cubilia curae nulla dapibus dolor vel est donec odio justo sollicitudin ut suscipit a feugiat et
431,aliquet at feugiat non pretium quis lectus suspendisse potenti in eleifend quam a,nisi vulputate nonummy maecenas tincidunt lacus at velit vivamus vel nulla eget eros elementum pellentesque quisque porta volutpat erat quisque
432,cubilia curae donec pharetra magna vestibulum aliquet ultrices erat tortor sollicitudin mi sit amet lobortis,nam congue risus semper porta volutpat quam pede lobortis ligula sit amet eleifend
433,ante ipsum primis in faucibus orci luctus et ultrices posuere cubilia curae duis faucibus accumsan odio curabitur,orci luctus et ultrices posuere cubilia curae duis faucibus accumsan odio curabitur convallis
434,erat fermentum justo nec condimentum neque sapien placerat ante nulla,integer aliquet massa id lobortis convallis tortor risus dapibus augue vel accumsan tellus nisi eu orci mauris lacinia
435,sem duis aliquam convallis nunc proin at turpis a pede posuere nonummy integer non velit donec diam neque vestibulum eget,in porttitor pede justo eu massa donec dapibus duis at velit eu est congue elementum in hac habitasse platea dictumst
436,blandit ultrices enim lorem ipsum dolor sit amet consectetuer adipiscing elit proin interdum mauris non ligula pellentesque ultrices phasellus id,tincidunt eu felis fusce posuere felis sed lacus morbi sem mauris
437,sapien iaculis congue vivamus metus arcu adipiscing molestie hendrerit at vulputate vitae nisl,in faucibus orci luctus et ultrices posuere cubilia curae donec pharetra magna vestibulum aliquet
438,consequat varius integer ac leo pellentesque ultrices mattis odio donec vitae nisi nam ultrices libero,vulputate nonummy maecenas tincidunt lacus at velit vivamus vel nulla eget eros elementum pellentesque quisque porta volutpat erat quisque erat
439,faucibus accumsan odio curabitur convallis duis consequat dui nec nisi,turpis donec posuere metus vitae ipsum aliquam non mauris morbi non lectus aliquam sit amet diam
440,pellentesque at nulla suspendisse potenti cras in purus eu magna vulputate luctus cum sociis natoque penatibus et magnis,sapien iaculis congue vivamus metus arcu adipiscing molestie hendrerit at vulputate vitae nisl aenean lectus pellentesque
441,nibh in hac habitasse platea dictumst aliquam augue quam sollicitudin vitae consectetuer eget rutrum at lorem integer tincidunt ante,eros elementum pellentesque quisque porta volutpat erat quisque erat eros viverra eget congue eget semper rutrum
442,dolor sit amet consectetuer adipiscing elit proin risus praesent lectus vestibulum quam sapien varius ut blandit non interdum in ante,erat eros viverra eget congue eget semper rutrum nulla nunc purus phasellus
443,in purus eu magna vulputate luctus cum sociis natoque penatibus et magnis dis parturient montes,augue vestibulum rutrum rutrum neque aenean auctor gravida sem praesent id massa id nisl venenatis lacinia aenean sit
444,cras pellentesque volutpat dui maecenas tristique est et tempus semper est quam pharetra,erat eros viverra eget congue eget semper rutrum nulla nunc purus phasellus in felis donec semper sapien
445,enim blandit mi in porttitor pede justo eu massa donec,dapibus dolor vel est donec odio justo sollicitudin ut suscipit a feugiat et eros
446,nulla neque libero convallis eget eleifend luctus ultricies eu nibh quisque,leo odio condimentum id luctus nec molestie sed justo pellentesque viverra pede ac diam cras pellentesque volutpat dui
447,tempor convallis nulla neque libero convallis eget eleifend luctus ultricies eu,enim blandit mi in porttitor pede justo eu massa donec dapibus duis at velit eu est congue elementum in hac
448,luctus nec molestie sed justo pellentesque viverra pede ac diam cras pellentesque volutpat dui maecenas tristique est et,aliquet maecenas leo odio condimentum id luctus nec molestie sed justo pellentesque viverra pede
449,sapien quis libero nullam sit amet turpis elementum ligula vehicula consequat morbi a ipsum integer a,diam cras pellentesque volutpat dui maecenas tristique est et tempus semper est
450,mi nulla ac enim in tempor turpis nec euismod scelerisque quam turpis adipiscing lorem vitae mattis nibh,ultrices enim lorem ipsum dolor sit amet consectetuer adipiscing elit proin interdum mauris non ligula pellentesque
451,quis augue luctus tincidunt nulla mollis molestie lorem quisque ut erat curabitur gravida nisi at nibh,lacus at velit vivamus vel nulla eget eros elementum pellentesque quisque porta volutpat erat quisque erat eros viverra
452,primis in faucibus orci luctus et ultrices posuere cubilia curae,a nibh in quis justo maecenas rhoncus aliquam lacus morbi quis tortor id nulla ultrices aliquet maecenas
453,suscipit a feugiat et eros vestibulum ac est lacinia nisi venenatis tristique fusce congue diam id ornare imperdiet sapien,bibendum morbi non quam nec dui luctus rutrum nulla tellus in sagittis dui vel
454,rutrum nulla nunc purus phasellus in felis donec semper sapien a libero nam dui,augue quam sollicitudin vitae consectetuer eget rutrum at lorem integer tincidunt
455,ante nulla justo aliquam quis turpis eget elit sodales scelerisque mauris sit amet,tempus vel pede morbi porttitor lorem id ligula suspendisse ornare consequat lectus
456,tincidunt ante vel ipsum praesent blandit lacinia erat vestibulum sed magna at,in lectus pellentesque at nulla suspendisse potenti cras in purus eu magna
457,eget eros elementum pellentesque quisque porta volutpat erat quisque erat eros viverra eget,maecenas leo odio condimentum id luctus nec molestie sed justo pellentesque viverra
458,aliquet ultrices erat tortor sollicitudin mi sit amet lobortis sapien sapien non mi integer ac neque,pellentesque volutpat dui maecenas tristique est et tempus semper est quam pharetra magna
459,duis consequat dui nec nisi volutpat eleifend donec ut dolor morbi vel lectus in quam fringilla rhoncus mauris enim,augue vestibulum ante ipsum primis in faucibus orci luctus et ultrices posuere cubilia curae donec pharetra magna
460,id nulla ultrices aliquet maecenas leo odio condimentum id luctus nec molestie sed,neque aenean auctor gravida sem praesent id massa id nisl venenatis lacinia
461,neque sapien placerat ante nulla justo aliquam quis turpis eget elit sodales scelerisque mauris sit amet eros suspendisse accumsan tortor,lacus morbi quis tortor id nulla ultrices aliquet maecenas leo odio condimentum id luctus nec molestie sed justo pellentesque
462,rutrum neque aenean auctor gravida sem praesent id massa id nisl venenatis,vel sem sed sagittis nam congue risus semper porta volutpat quam pede lobortis ligula sit amet eleifend pede libero quis
463,eget congue eget semper rutrum nulla nunc purus phasellus in felis donec semper sapien a libero nam dui proin,dui proin leo odio porttitor id consequat in consequat ut
464,eu magna vulputate luctus cum sociis natoque penatibus et magnis,gravida sem praesent id massa id nisl venenatis lacinia aenean sit amet justo morbi ut odio
465,nisi vulputate nonummy maecenas tincidunt lacus at velit vivamus vel nulla eget,vel augue vestibulum ante ipsum primis in faucibus orci luctus et ultrices posuere cubilia
466,dui vel sem sed sagittis nam congue risus semper porta volutpat quam pede lobortis ligula sit amet eleifend,sociis natoque penatibus et magnis dis parturient montes nascetur ridiculus
467,habitasse platea dictumst maecenas ut massa quis augue luctus tincidunt nulla mollis molestie lorem quisque ut erat,quis orci nullam molestie nibh in lectus pellentesque at nulla suspendisse potenti cras in purus eu magna
468,lorem integer tincidunt ante vel ipsum praesent blandit lacinia erat vestibulum sed magna at nunc commodo placerat praesent,et eros vestibulum ac est lacinia nisi venenatis tristique fusce
469,in quis justo maecenas rhoncus aliquam lacus morbi quis tortor id nulla ultrices,et magnis dis parturient montes nascetur ridiculus mus vivamus vestibulum sagittis
470,fermentum justo nec condimentum neque sapien placerat ante nulla justo aliquam quis turpis eget elit,quis tortor id nulla ultrices aliquet maecenas leo odio condimentum id luctus nec molestie sed justo
471,interdum venenatis turpis enim blandit mi in porttitor pede justo eu,quis libero nullam sit amet turpis elementum ligula vehicula consequat morbi a ipsum integer a nibh
472,felis donec semper sapien a libero nam dui proin leo odio porttitor id consequat,in sagittis dui vel nisl duis ac nibh fusce lacus purus
473,et magnis dis parturient montes nascetur ridiculus mus vivamus vestibulum sagittis sapien cum sociis natoque penatibus et magnis,tortor duis mattis egestas metus aenean fermentum donec ut mauris eget massa tempor convallis nulla neque libero convallis
474,at lorem integer tincidunt ante vel ipsum praesent blandit lacinia erat vestibulum sed magna at,cubilia curae duis faucibus accumsan odio curabitur convallis duis consequat dui nec nisi volutpat eleifend donec ut dolor morbi vel
475,amet sem fusce consequat nulla nisl nunc nisl duis bibendum felis sed interdum venenatis turpis enim blandit,urna ut tellus nulla ut erat id mauris vulputate elementum nullam
476,tellus nisi eu orci mauris lacinia sapien quis libero nullam sit amet,sed interdum venenatis turpis enim blandit mi in porttitor pede
477,nisl nunc nisl duis bibendum felis sed interdum venenatis turpis enim,phasellus in felis donec semper sapien a libero nam dui proin leo odio porttitor
478,morbi non quam nec dui luctus rutrum nulla tellus in sagittis dui vel nisl,est et tempus semper est quam pharetra magna ac consequat
479,lectus vestibulum quam sapien varius ut blandit non interdum in ante vestibulum ante ipsum primis in,integer ac leo pellentesque ultrices mattis odio donec vitae nisi nam ultrices libero non mattis pulvinar nulla pede
480,luctus ultricies eu nibh quisque id justo sit amet sapien dignissim vestibulum vestibulum ante ipsum,velit donec diam neque vestibulum eget vulputate ut ultrices vel augue vestibulum ante ipsum primis in faucibus orci
481,non mauris morbi non lectus aliquam sit amet diam in magna bibendum imperdiet nullam,primis in faucibus orci luctus et ultrices posuere cubilia curae donec pharetra magna vestibulum aliquet ultrices erat
482,sapien arcu sed augue aliquam erat volutpat in congue etiam justo etiam pretium iaculis justo in hac habitasse platea dictumst,volutpat in congue etiam justo etiam pretium iaculis justo in hac habitasse platea dictumst etiam faucibus cursus urna
483,vel lectus in quam fringilla rhoncus mauris enim leo rhoncus sed,nisl duis ac nibh fusce lacus purus aliquet at feugiat
484,dapibus dolor vel est donec odio justo sollicitudin ut suscipit,id justo sit amet sapien dignissim vestibulum vestibulum ante ipsum primis in faucibus orci luctus et ultrices
485,ante nulla justo aliquam quis turpis eget elit sodales scelerisque mauris sit amet eros suspendisse accumsan,tellus nisi eu orci mauris lacinia sapien quis libero nullam sit amet turpis elementum ligula vehicula consequat morbi a ipsum
486,penatibus et magnis dis parturient montes nascetur ridiculus mus vivamus vestibulum sagittis,habitasse platea dictumst aliquam augue quam sollicitudin vitae consectetuer eget rutrum at lorem integer tincidunt ante vel ipsum praesent blandit
487,sed accumsan felis ut at dolor quis odio consequat varius integer ac leo pellentesque,curae donec pharetra magna vestibulum aliquet ultrices erat tortor sollicitudin mi sit amet lobortis
488,vitae nisi nam ultrices libero non mattis pulvinar nulla pede ullamcorper augue a suscipit nulla,in blandit ultrices enim lorem ipsum dolor sit amet consectetuer adipiscing
489,primis in faucibus orci luctus et ultrices posuere cubilia curae duis faucibus accumsan odio curabitur convallis duis consequat dui,rutrum neque aenean auctor gravida sem praesent id massa id nisl venenatis lacinia aenean sit amet justo morbi ut
490,sed accumsan felis ut at dolor quis odio consequat varius integer ac leo pellentesque ultrices mattis odio donec,integer pede justo lacinia eget tincidunt eget tempus vel pede morbi porttitor lorem id ligula suspendisse ornare
491,molestie lorem quisque ut erat curabitur gravida nisi at nibh in hac habitasse platea dictumst aliquam augue,lacinia aenean sit amet justo morbi ut odio cras mi pede malesuada in imperdiet et commodo
492,justo eu massa donec dapibus duis at velit eu est congue elementum in hac habitasse platea dictumst morbi,integer tincidunt ante vel ipsum praesent blandit lacinia erat vestibulum sed magna at
493,adipiscing lorem vitae mattis nibh ligula nec sem duis aliquam convallis nunc proin at turpis,hendrerit at vulputate vitae nisl aenean lectus pellentesque eget nunc donec quis orci eget orci
494,dapibus augue vel accumsan tellus nisi eu orci mauris lacinia sapien,vivamus in felis eu sapien cursus vestibulum proin eu mi nulla ac enim in tempor turpis nec euismod
495,neque sapien placerat ante nulla justo aliquam quis turpis eget elit sodales scelerisque mauris sit amet eros suspendisse accumsan,pretium iaculis justo in hac habitasse platea dictumst etiam faucibus cursus urna ut tellus nulla ut erat id mauris vulputate
496,sed tincidunt eu felis fusce posuere felis sed lacus morbi sem mauris laoreet ut rhoncus aliquet pulvinar sed,sapien non mi integer ac neque duis bibendum morbi non quam nec dui luctus rutrum nulla
497,interdum in ante vestibulum ante ipsum primis in faucibus orci luctus et ultrices posuere cubilia curae duis faucibus,augue vestibulum rutrum rutrum neque aenean auctor gravida sem praesent id massa id nisl venenatis lacinia aenean
498,in quis justo maecenas rhoncus aliquam lacus morbi quis tortor id,ornare consequat lectus in est risus auctor sed tristique in tempus sit amet
499,tortor id nulla ultrices aliquet maecenas leo odio condimentum id luctus nec molestie,semper sapien a libero nam dui proin leo odio porttitor id
500,ac nulla sed vel enim sit amet nunc viverra dapibus nulla suscipit ligula in lacus curabitur at ipsum ac,molestie nibh in lectus pellentesque at nulla suspendisse potenti cras in purus eu magna vulputate luctus cum sociis natoque penatibus
