image_id,image_url,attraction_id
1,http://dummyimage.com/138x100.png/ff4444/ffffff,367
2,http://dummyimage.com/215x100.png/dddddd/000000,223
3,http://dummyimage.com/215x100.png/cc0000/ffffff,83
4,http://dummyimage.com/159x100.png/dddddd/000000,356
5,http://dummyimage.com/188x100.png/dddddd/000000,95
6,http://dummyimage.com/244x100.png/5fa2dd/ffffff,236
7,http://dummyimage.com/206x100.png/5fa2dd/ffffff,274
8,http://dummyimage.com/175x100.png/dddddd/000000,71
9,http://dummyimage.com/185x100.png/ff4444/ffffff,315
10,http://dummyimage.com/140x100.png/5fa2dd/ffffff,20
11,http://dummyimage.com/100x100.png/ff4444/ffffff,183
12,http://dummyimage.com/176x100.png/cc0000/ffffff,56
13,http://dummyimage.com/170x100.png/5fa2dd/ffffff,318
14,http://dummyimage.com/174x100.png/dddddd/000000,231
15,http://dummyimage.com/120x100.png/5fa2dd/ffffff,89
16,http://dummyimage.com/120x100.png/dddddd/000000,76
17,http://dummyimage.com/127x100.png/ff4444/ffffff,210
18,http://dummyimage.com/148x100.png/dddddd/000000,279
19,http://dummyimage.com/190x100.png/dddddd/000000,235
20,http://dummyimage.com/154x100.png/cc0000/ffffff,414
21,http://dummyimage.com/217x100.png/cc0000/ffffff,217
22,http://dummyimage.com/171x100.png/ff4444/ffffff,59
23,http://dummyimage.com/229x100.png/5fa2dd/ffffff,246
24,http://dummyimage.com/155x100.png/ff4444/ffffff,222
25,http://dummyimage.com/222x100.png/5fa2dd/ffffff,325
26,http://dummyimage.com/129x100.png/ff4444/ffffff,361
27,http://dummyimage.com/238x100.png/cc0000/ffffff,62
28,http://dummyimage.com/167x100.png/ff4444/ffffff,67
29,http://dummyimage.com/248x100.png/ff4444/ffffff,139
30,http://dummyimage.com/225x100.png/5fa2dd/ffffff,493
31,http://dummyimage.com/211x100.png/dddddd/000000,196
32,http://dummyimage.com/108x100.png/cc0000/ffffff,450
33,http://dummyimage.com/176x100.png/ff4444/ffffff,63
34,http://dummyimage.com/248x100.png/5fa2dd/ffffff,4
35,http://dummyimage.com/224x100.png/5fa2dd/ffffff,157
36,http://dummyimage.com/195x100.png/dddddd/000000,168
37,http://dummyimage.com/241x100.png/dddddd/000000,26
38,http://dummyimage.com/244x100.png/5fa2dd/ffffff,363
39,http://dummyimage.com/225x100.png/ff4444/ffffff,279
40,http://dummyimage.com/118x100.png/dddddd/000000,130
41,http://dummyimage.com/144x100.png/cc0000/ffffff,338
42,http://dummyimage.com/138x100.png/5fa2dd/ffffff,167
43,http://dummyimage.com/155x100.png/cc0000/ffffff,212
44,http://dummyimage.com/247x100.png/ff4444/ffffff,198
45,http://dummyimage.com/234x100.png/ff4444/ffffff,365
46,http://dummyimage.com/151x100.png/cc0000/ffffff,353
47,http://dummyimage.com/203x100.png/ff4444/ffffff,447
48,http://dummyimage.com/106x100.png/cc0000/ffffff,360
49,http://dummyimage.com/119x100.png/5fa2dd/ffffff,15
50,http://dummyimage.com/232x100.png/ff4444/ffffff,398
51,http://dummyimage.com/237x100.png/cc0000/ffffff,445
52,http://dummyimage.com/167x100.png/5fa2dd/ffffff,185
53,http://dummyimage.com/121x100.png/5fa2dd/ffffff,67
54,http://dummyimage.com/126x100.png/5fa2dd/ffffff,7
55,http://dummyimage.com/180x100.png/5fa2dd/ffffff,222
56,http://dummyimage.com/140x100.png/cc0000/ffffff,84
57,http://dummyimage.com/204x100.png/ff4444/ffffff,17
58,http://dummyimage.com/157x100.png/dddddd/000000,126
59,http://dummyimage.com/135x100.png/ff4444/ffffff,268
60,http://dummyimage.com/242x100.png/ff4444/ffffff,486
61,http://dummyimage.com/155x100.png/ff4444/ffffff,13
62,http://dummyimage.com/226x100.png/cc0000/ffffff,411
63,http://dummyimage.com/133x100.png/5fa2dd/ffffff,35
64,http://dummyimage.com/100x100.png/cc0000/ffffff,209
65,http://dummyimage.com/235x100.png/5fa2dd/ffffff,278
66,http://dummyimage.com/202x100.png/cc0000/ffffff,76
67,http://dummyimage.com/219x100.png/ff4444/ffffff,165
68,http://dummyimage.com/130x100.png/dddddd/000000,71
69,http://dummyimage.com/185x100.png/dddddd/000000,233
70,http://dummyimage.com/110x100.png/cc0000/ffffff,285
71,http://dummyimage.com/244x100.png/ff4444/ffffff,183
72,http://dummyimage.com/160x100.png/cc0000/ffffff,419
73,http://dummyimage.com/172x100.png/ff4444/ffffff,276
74,http://dummyimage.com/144x100.png/ff4444/ffffff,486
75,http://dummyimage.com/206x100.png/ff4444/ffffff,249
76,http://dummyimage.com/209x100.png/cc0000/ffffff,329
77,http://dummyimage.com/236x100.png/dddddd/000000,288
78,http://dummyimage.com/180x100.png/dddddd/000000,282
79,http://dummyimage.com/114x100.png/dddddd/000000,153
80,http://dummyimage.com/139x100.png/5fa2dd/ffffff,84
81,http://dummyimage.com/127x100.png/ff4444/ffffff,45
82,http://dummyimage.com/149x100.png/ff4444/ffffff,348
83,http://dummyimage.com/201x100.png/5fa2dd/ffffff,182
84,http://dummyimage.com/207x100.png/5fa2dd/ffffff,65
85,http://dummyimage.com/142x100.png/5fa2dd/ffffff,187
86,http://dummyimage.com/244x100.png/ff4444/ffffff,163
87,http://dummyimage.com/115x100.png/cc0000/ffffff,410
88,http://dummyimage.com/127x100.png/5fa2dd/ffffff,81
89,http://dummyimage.com/234x100.png/cc0000/ffffff,28
90,http://dummyimage.com/156x100.png/dddddd/000000,115
91,http://dummyimage.com/197x100.png/cc0000/ffffff,217
92,http://dummyimage.com/236x100.png/cc0000/ffffff,11
93,http://dummyimage.com/203x100.png/dddddd/000000,499
94,http://dummyimage.com/232x100.png/ff4444/ffffff,68
95,http://dummyimage.com/135x100.png/dddddd/000000,120
96,http://dummyimage.com/234x100.png/cc0000/ffffff,305
97,http://dummyimage.com/174x100.png/5fa2dd/ffffff,40
98,http://dummyimage.com/179x100.png/dddddd/000000,63
99,http://dummyimage.com/199x100.png/cc0000/ffffff,211
100,http://dummyimage.com/108x100.png/cc0000/ffffff,312
101,http://dummyimage.com/200x100.png/ff4444/ffffff,36
102,http://dummyimage.com/223x100.png/ff4444/ffffff,354
103,http://dummyimage.com/183x100.png/ff4444/ffffff,238
104,http://dummyimage.com/217x100.png/ff4444/ffffff,473
105,http://dummyimage.com/205x100.png/ff4444/ffffff,108
106,http://dummyimage.com/225x100.png/5fa2dd/ffffff,265
107,http://dummyimage.com/244x100.png/cc0000/ffffff,381
108,http://dummyimage.com/206x100.png/cc0000/ffffff,3
109,http://dummyimage.com/102x100.png/dddddd/000000,158
110,http://dummyimage.com/247x100.png/dddddd/000000,182
111,http://dummyimage.com/228x100.png/ff4444/ffffff,65
112,http://dummyimage.com/205x100.png/5fa2dd/ffffff,177
113,http://dummyimage.com/219x100.png/ff4444/ffffff,487
114,http://dummyimage.com/172x100.png/ff4444/ffffff,196
115,http://dummyimage.com/132x100.png/dddddd/000000,58
116,http://dummyimage.com/195x100.png/ff4444/ffffff,9
117,http://dummyimage.com/249x100.png/5fa2dd/ffffff,214
118,http://dummyimage.com/235x100.png/ff4444/ffffff,2
119,http://dummyimage.com/135x100.png/5fa2dd/ffffff,73
120,http://dummyimage.com/124x100.png/cc0000/ffffff,15
121,http://dummyimage.com/207x100.png/ff4444/ffffff,55
122,http://dummyimage.com/196x100.png/ff4444/ffffff,71
123,http://dummyimage.com/208x100.png/5fa2dd/ffffff,127
124,http://dummyimage.com/128x100.png/5fa2dd/ffffff,84
125,http://dummyimage.com/230x100.png/cc0000/ffffff,131
126,http://dummyimage.com/165x100.png/dddddd/000000,317
127,http://dummyimage.com/118x100.png/cc0000/ffffff,369
128,http://dummyimage.com/233x100.png/ff4444/ffffff,142
129,http://dummyimage.com/191x100.png/cc0000/ffffff,414
130,http://dummyimage.com/223x100.png/dddddd/000000,304
131,http://dummyimage.com/187x100.png/ff4444/ffffff,220
132,http://dummyimage.com/197x100.png/ff4444/ffffff,87
133,http://dummyimage.com/219x100.png/dddddd/000000,480
134,http://dummyimage.com/162x100.png/5fa2dd/ffffff,374
135,http://dummyimage.com/202x100.png/5fa2dd/ffffff,411
136,http://dummyimage.com/119x100.png/cc0000/ffffff,29
137,http://dummyimage.com/231x100.png/ff4444/ffffff,280
138,http://dummyimage.com/193x100.png/ff4444/ffffff,19
139,http://dummyimage.com/235x100.png/dddddd/000000,250
140,http://dummyimage.com/238x100.png/5fa2dd/ffffff,302
141,http://dummyimage.com/218x100.png/ff4444/ffffff,4
142,http://dummyimage.com/212x100.png/dddddd/000000,100
143,http://dummyimage.com/101x100.png/dddddd/000000,255
144,http://dummyimage.com/173x100.png/cc0000/ffffff,287
145,http://dummyimage.com/229x100.png/cc0000/ffffff,175
146,http://dummyimage.com/127x100.png/cc0000/ffffff,235
147,http://dummyimage.com/161x100.png/dddddd/000000,386
148,http://dummyimage.com/244x100.png/dddddd/000000,184
149,http://dummyimage.com/161x100.png/dddddd/000000,456
150,http://dummyimage.com/143x100.png/ff4444/ffffff,304
151,http://dummyimage.com/235x100.png/dddddd/000000,214
152,http://dummyimage.com/211x100.png/cc0000/ffffff,194
153,http://dummyimage.com/163x100.png/5fa2dd/ffffff,221
154,http://dummyimage.com/149x100.png/dddddd/000000,218
155,http://dummyimage.com/249x100.png/ff4444/ffffff,411
156,http://dummyimage.com/118x100.png/5fa2dd/ffffff,369
157,http://dummyimage.com/140x100.png/5fa2dd/ffffff,52
158,http://dummyimage.com/105x100.png/dddddd/000000,178
159,http://dummyimage.com/116x100.png/dddddd/000000,241
160,http://dummyimage.com/153x100.png/cc0000/ffffff,439
161,http://dummyimage.com/136x100.png/5fa2dd/ffffff,64
162,http://dummyimage.com/174x100.png/cc0000/ffffff,109
163,http://dummyimage.com/200x100.png/ff4444/ffffff,233
164,http://dummyimage.com/208x100.png/5fa2dd/ffffff,409
165,http://dummyimage.com/180x100.png/cc0000/ffffff,39
166,http://dummyimage.com/246x100.png/ff4444/ffffff,113
167,http://dummyimage.com/115x100.png/ff4444/ffffff,445
168,http://dummyimage.com/145x100.png/dddddd/000000,167
169,http://dummyimage.com/152x100.png/cc0000/ffffff,115
170,http://dummyimage.com/137x100.png/ff4444/ffffff,163
171,http://dummyimage.com/152x100.png/cc0000/ffffff,307
172,http://dummyimage.com/246x100.png/dddddd/000000,421
173,http://dummyimage.com/178x100.png/5fa2dd/ffffff,435
174,http://dummyimage.com/236x100.png/dddddd/000000,59
175,http://dummyimage.com/108x100.png/ff4444/ffffff,185
176,http://dummyimage.com/120x100.png/ff4444/ffffff,42
177,http://dummyimage.com/151x100.png/5fa2dd/ffffff,280
178,http://dummyimage.com/206x100.png/cc0000/ffffff,37
179,http://dummyimage.com/189x100.png/dddddd/000000,87
180,http://dummyimage.com/209x100.png/dddddd/000000,252
181,http://dummyimage.com/197x100.png/cc0000/ffffff,385
182,http://dummyimage.com/186x100.png/cc0000/ffffff,109
183,http://dummyimage.com/158x100.png/ff4444/ffffff,447
184,http://dummyimage.com/159x100.png/5fa2dd/ffffff,459
185,http://dummyimage.com/181x100.png/ff4444/ffffff,106
186,http://dummyimage.com/135x100.png/ff4444/ffffff,265
187,http://dummyimage.com/204x100.png/cc0000/ffffff,457
188,http://dummyimage.com/177x100.png/dddddd/000000,284
189,http://dummyimage.com/245x100.png/5fa2dd/ffffff,66
190,http://dummyimage.com/144x100.png/5fa2dd/ffffff,363
191,http://dummyimage.com/151x100.png/ff4444/ffffff,397
192,http://dummyimage.com/195x100.png/cc0000/ffffff,222
193,http://dummyimage.com/109x100.png/cc0000/ffffff,423
194,http://dummyimage.com/234x100.png/ff4444/ffffff,374
195,http://dummyimage.com/141x100.png/ff4444/ffffff,490
196,http://dummyimage.com/185x100.png/ff4444/ffffff,243
197,http://dummyimage.com/209x100.png/5fa2dd/ffffff,8
198,http://dummyimage.com/158x100.png/5fa2dd/ffffff,380
199,http://dummyimage.com/210x100.png/5fa2dd/ffffff,397
200,http://dummyimage.com/196x100.png/dddddd/000000,380
201,http://dummyimage.com/187x100.png/cc0000/ffffff,60
202,http://dummyimage.com/225x100.png/5fa2dd/ffffff,130
203,http://dummyimage.com/244x100.png/ff4444/ffffff,84
204,http://dummyimage.com/120x100.png/cc0000/ffffff,69
205,http://dummyimage.com/100x100.png/cc0000/ffffff,181
206,http://dummyimage.com/104x100.png/ff4444/ffffff,357
207,http://dummyimage.com/133x100.png/ff4444/ffffff,121
208,http://dummyimage.com/124x100.png/dddddd/000000,499
209,http://dummyimage.com/226x100.png/ff4444/ffffff,315
210,http://dummyimage.com/173x100.png/cc0000/ffffff,320
211,http://dummyimage.com/146x100.png/cc0000/ffffff,308
212,http://dummyimage.com/164x100.png/cc0000/ffffff,474
213,http://dummyimage.com/129x100.png/5fa2dd/ffffff,253
214,http://dummyimage.com/135x100.png/cc0000/ffffff,190
215,http://dummyimage.com/220x100.png/cc0000/ffffff,98
216,http://dummyimage.com/245x100.png/dddddd/000000,284
217,http://dummyimage.com/108x100.png/cc0000/ffffff,81
218,http://dummyimage.com/153x100.png/dddddd/000000,7
219,http://dummyimage.com/176x100.png/dddddd/000000,95
220,http://dummyimage.com/158x100.png/cc0000/ffffff,336
221,http://dummyimage.com/145x100.png/dddddd/000000,132
222,http://dummyimage.com/141x100.png/cc0000/ffffff,65
223,http://dummyimage.com/242x100.png/cc0000/ffffff,316
224,http://dummyimage.com/110x100.png/5fa2dd/ffffff,171
225,http://dummyimage.com/157x100.png/dddddd/000000,272
226,http://dummyimage.com/181x100.png/cc0000/ffffff,45
227,http://dummyimage.com/128x100.png/5fa2dd/ffffff,81
228,http://dummyimage.com/112x100.png/dddddd/000000,405
229,http://dummyimage.com/147x100.png/cc0000/ffffff,452
230,http://dummyimage.com/154x100.png/cc0000/ffffff,13
231,http://dummyimage.com/217x100.png/ff4444/ffffff,48
232,http://dummyimage.com/244x100.png/cc0000/ffffff,305
233,http://dummyimage.com/161x100.png/ff4444/ffffff,266
234,http://dummyimage.com/243x100.png/dddddd/000000,173
235,http://dummyimage.com/134x100.png/ff4444/ffffff,124
236,http://dummyimage.com/250x100.png/ff4444/ffffff,455
237,http://dummyimage.com/245x100.png/ff4444/ffffff,70
238,http://dummyimage.com/153x100.png/5fa2dd/ffffff,244
239,http://dummyimage.com/209x100.png/dddddd/000000,285
240,http://dummyimage.com/198x100.png/cc0000/ffffff,103
241,http://dummyimage.com/202x100.png/cc0000/ffffff,490
242,http://dummyimage.com/134x100.png/cc0000/ffffff,478
243,http://dummyimage.com/181x100.png/5fa2dd/ffffff,211
244,http://dummyimage.com/104x100.png/5fa2dd/ffffff,470
245,http://dummyimage.com/213x100.png/cc0000/ffffff,390
246,http://dummyimage.com/111x100.png/dddddd/000000,330
247,http://dummyimage.com/250x100.png/cc0000/ffffff,57
248,http://dummyimage.com/230x100.png/5fa2dd/ffffff,200
249,http://dummyimage.com/145x100.png/dddddd/000000,268
250,http://dummyimage.com/214x100.png/5fa2dd/ffffff,413
251,http://dummyimage.com/179x100.png/5fa2dd/ffffff,324
252,http://dummyimage.com/190x100.png/cc0000/ffffff,226
253,http://dummyimage.com/176x100.png/cc0000/ffffff,138
254,http://dummyimage.com/226x100.png/cc0000/ffffff,101
255,http://dummyimage.com/202x100.png/5fa2dd/ffffff,49
256,http://dummyimage.com/210x100.png/ff4444/ffffff,118
257,http://dummyimage.com/246x100.png/dddddd/000000,321
258,http://dummyimage.com/107x100.png/cc0000/ffffff,140
259,http://dummyimage.com/124x100.png/ff4444/ffffff,232
260,http://dummyimage.com/158x100.png/5fa2dd/ffffff,420
261,http://dummyimage.com/217x100.png/ff4444/ffffff,392
262,http://dummyimage.com/170x100.png/dddddd/000000,151
263,http://dummyimage.com/207x100.png/cc0000/ffffff,131
264,http://dummyimage.com/140x100.png/dddddd/000000,148
265,http://dummyimage.com/199x100.png/ff4444/ffffff,82
266,http://dummyimage.com/124x100.png/dddddd/000000,61
267,http://dummyimage.com/206x100.png/5fa2dd/ffffff,81
268,http://dummyimage.com/211x100.png/dddddd/000000,449
269,http://dummyimage.com/248x100.png/dddddd/000000,246
270,http://dummyimage.com/248x100.png/5fa2dd/ffffff,336
271,http://dummyimage.com/196x100.png/5fa2dd/ffffff,140
272,http://dummyimage.com/229x100.png/dddddd/000000,450
273,http://dummyimage.com/247x100.png/dddddd/000000,498
274,http://dummyimage.com/175x100.png/5fa2dd/ffffff,442
275,http://dummyimage.com/183x100.png/dddddd/000000,299
276,http://dummyimage.com/159x100.png/dddddd/000000,451
277,http://dummyimage.com/116x100.png/5fa2dd/ffffff,418
278,http://dummyimage.com/114x100.png/ff4444/ffffff,78
279,http://dummyimage.com/218x100.png/5fa2dd/ffffff,172
280,http://dummyimage.com/231x100.png/5fa2dd/ffffff,308
281,http://dummyimage.com/142x100.png/cc0000/ffffff,471
282,http://dummyimage.com/142x100.png/cc0000/ffffff,351
283,http://dummyimage.com/203x100.png/dddddd/000000,254
284,http://dummyimage.com/123x100.png/cc0000/ffffff,99
285,http://dummyimage.com/194x100.png/5fa2dd/ffffff,223
286,http://dummyimage.com/196x100.png/dddddd/000000,363
287,http://dummyimage.com/238x100.png/ff4444/ffffff,418
288,http://dummyimage.com/135x100.png/5fa2dd/ffffff,152
289,http://dummyimage.com/241x100.png/5fa2dd/ffffff,148
290,http://dummyimage.com/237x100.png/ff4444/ffffff,42
291,http://dummyimage.com/189x100.png/dddddd/000000,356
292,http://dummyimage.com/209x100.png/cc0000/ffffff,103
293,http://dummyimage.com/140x100.png/ff4444/ffffff,216
294,http://dummyimage.com/182x100.png/dddddd/000000,308
295,http://dummyimage.com/187x100.png/dddddd/000000,311
296,http://dummyimage.com/232x100.png/ff4444/ffffff,218
297,http://dummyimage.com/113x100.png/cc0000/ffffff,185
298,http://dummyimage.com/158x100.png/cc0000/ffffff,11
299,http://dummyimage.com/115x100.png/dddddd/000000,233
300,http://dummyimage.com/168x100.png/5fa2dd/ffffff,483
301,http://dummyimage.com/127x100.png/ff4444/ffffff,57
302,http://dummyimage.com/245x100.png/dddddd/000000,116
303,http://dummyimage.com/192x100.png/ff4444/ffffff,211
304,http://dummyimage.com/121x100.png/5fa2dd/ffffff,439
305,http://dummyimage.com/102x100.png/ff4444/ffffff,162
306,http://dummyimage.com/202x100.png/cc0000/ffffff,44
307,http://dummyimage.com/122x100.png/ff4444/ffffff,373
308,http://dummyimage.com/175x100.png/ff4444/ffffff,473
309,http://dummyimage.com/114x100.png/dddddd/000000,343
310,http://dummyimage.com/131x100.png/5fa2dd/ffffff,162
311,http://dummyimage.com/237x100.png/5fa2dd/ffffff,279
312,http://dummyimage.com/147x100.png/5fa2dd/ffffff,233
313,http://dummyimage.com/113x100.png/ff4444/ffffff,109
314,http://dummyimage.com/233x100.png/ff4444/ffffff,228
315,http://dummyimage.com/228x100.png/5fa2dd/ffffff,495
316,http://dummyimage.com/205x100.png/5fa2dd/ffffff,83
317,http://dummyimage.com/110x100.png/ff4444/ffffff,310
318,http://dummyimage.com/121x100.png/5fa2dd/ffffff,118
319,http://dummyimage.com/172x100.png/5fa2dd/ffffff,40
320,http://dummyimage.com/237x100.png/5fa2dd/ffffff,139
321,http://dummyimage.com/138x100.png/ff4444/ffffff,365
322,http://dummyimage.com/120x100.png/dddddd/000000,330
323,http://dummyimage.com/108x100.png/ff4444/ffffff,488
324,http://dummyimage.com/123x100.png/cc0000/ffffff,311
325,http://dummyimage.com/129x100.png/5fa2dd/ffffff,303
326,http://dummyimage.com/193x100.png/dddddd/000000,67
327,http://dummyimage.com/157x100.png/5fa2dd/ffffff,395
328,http://dummyimage.com/202x100.png/5fa2dd/ffffff,138
329,http://dummyimage.com/208x100.png/cc0000/ffffff,412
330,http://dummyimage.com/179x100.png/cc0000/ffffff,35
331,http://dummyimage.com/189x100.png/cc0000/ffffff,20
332,http://dummyimage.com/229x100.png/ff4444/ffffff,49
333,http://dummyimage.com/103x100.png/5fa2dd/ffffff,286
334,http://dummyimage.com/102x100.png/5fa2dd/ffffff,81
335,http://dummyimage.com/162x100.png/5fa2dd/ffffff,49
336,http://dummyimage.com/168x100.png/cc0000/ffffff,302
337,http://dummyimage.com/200x100.png/dddddd/000000,468
338,http://dummyimage.com/159x100.png/ff4444/ffffff,187
339,http://dummyimage.com/134x100.png/dddddd/000000,428
340,http://dummyimage.com/103x100.png/ff4444/ffffff,499
341,http://dummyimage.com/197x100.png/dddddd/000000,196
342,http://dummyimage.com/122x100.png/dddddd/000000,318
343,http://dummyimage.com/172x100.png/ff4444/ffffff,80
344,http://dummyimage.com/122x100.png/cc0000/ffffff,151
345,http://dummyimage.com/235x100.png/dddddd/000000,18
346,http://dummyimage.com/203x100.png/cc0000/ffffff,317
347,http://dummyimage.com/181x100.png/dddddd/000000,391
348,http://dummyimage.com/137x100.png/cc0000/ffffff,363
349,http://dummyimage.com/249x100.png/dddddd/000000,401
350,http://dummyimage.com/193x100.png/ff4444/ffffff,307
351,http://dummyimage.com/237x100.png/ff4444/ffffff,171
352,http://dummyimage.com/187x100.png/dddddd/000000,338
353,http://dummyimage.com/101x100.png/5fa2dd/ffffff,262
354,http://dummyimage.com/216x100.png/ff4444/ffffff,87
355,http://dummyimage.com/186x100.png/cc0000/ffffff,297
356,http://dummyimage.com/183x100.png/cc0000/ffffff,78
357,http://dummyimage.com/184x100.png/dddddd/000000,259
358,http://dummyimage.com/198x100.png/5fa2dd/ffffff,442
359,http://dummyimage.com/133x100.png/dddddd/000000,222
360,http://dummyimage.com/120x100.png/dddddd/000000,456
361,http://dummyimage.com/126x100.png/cc0000/ffffff,217
362,http://dummyimage.com/140x100.png/dddddd/000000,155
363,http://dummyimage.com/107x100.png/dddddd/000000,312
364,http://dummyimage.com/234x100.png/dddddd/000000,473
365,http://dummyimage.com/167x100.png/cc0000/ffffff,329
366,http://dummyimage.com/211x100.png/cc0000/ffffff,107
367,http://dummyimage.com/118x100.png/cc0000/ffffff,344
368,http://dummyimage.com/224x100.png/5fa2dd/ffffff,130
369,http://dummyimage.com/162x100.png/5fa2dd/ffffff,138
370,http://dummyimage.com/111x100.png/dddddd/000000,52
371,http://dummyimage.com/250x100.png/ff4444/ffffff,472
372,http://dummyimage.com/192x100.png/5fa2dd/ffffff,190
373,http://dummyimage.com/209x100.png/dddddd/000000,490
374,http://dummyimage.com/244x100.png/cc0000/ffffff,333
375,http://dummyimage.com/195x100.png/ff4444/ffffff,327
376,http://dummyimage.com/213x100.png/5fa2dd/ffffff,123
377,http://dummyimage.com/182x100.png/dddddd/000000,299
378,http://dummyimage.com/118x100.png/5fa2dd/ffffff,487
379,http://dummyimage.com/130x100.png/dddddd/000000,379
380,http://dummyimage.com/207x100.png/cc0000/ffffff,403
381,http://dummyimage.com/124x100.png/cc0000/ffffff,331
382,http://dummyimage.com/235x100.png/dddddd/000000,254
383,http://dummyimage.com/223x100.png/ff4444/ffffff,65
384,http://dummyimage.com/123x100.png/ff4444/ffffff,467
385,http://dummyimage.com/169x100.png/ff4444/ffffff,363
386,http://dummyimage.com/166x100.png/5fa2dd/ffffff,189
387,http://dummyimage.com/175x100.png/5fa2dd/ffffff,441
388,http://dummyimage.com/221x100.png/dddddd/000000,14
389,http://dummyimage.com/128x100.png/cc0000/ffffff,196
390,http://dummyimage.com/176x100.png/cc0000/ffffff,79
391,http://dummyimage.com/235x100.png/5fa2dd/ffffff,382
392,http://dummyimage.com/197x100.png/cc0000/ffffff,419
393,http://dummyimage.com/106x100.png/5fa2dd/ffffff,134
394,http://dummyimage.com/176x100.png/cc0000/ffffff,476
395,http://dummyimage.com/117x100.png/cc0000/ffffff,399
396,http://dummyimage.com/224x100.png/5fa2dd/ffffff,224
397,http://dummyimage.com/113x100.png/dddddd/000000,166
398,http://dummyimage.com/216x100.png/ff4444/ffffff,10
399,http://dummyimage.com/201x100.png/cc0000/ffffff,483
400,http://dummyimage.com/215x100.png/ff4444/ffffff,55
401,http://dummyimage.com/168x100.png/5fa2dd/ffffff,398
402,http://dummyimage.com/105x100.png/cc0000/ffffff,438
403,http://dummyimage.com/161x100.png/dddddd/000000,146
404,http://dummyimage.com/147x100.png/cc0000/ffffff,252
405,http://dummyimage.com/199x100.png/cc0000/ffffff,465
406,http://dummyimage.com/105x100.png/dddddd/000000,447
407,http://dummyimage.com/115x100.png/cc0000/ffffff,388
408,http://dummyimage.com/111x100.png/cc0000/ffffff,447
409,http://dummyimage.com/175x100.png/ff4444/ffffff,356
410,http://dummyimage.com/100x100.png/cc0000/ffffff,188
411,http://dummyimage.com/145x100.png/dddddd/000000,281
412,http://dummyimage.com/136x100.png/cc0000/ffffff,258
413,http://dummyimage.com/175x100.png/5fa2dd/ffffff,380
414,http://dummyimage.com/186x100.png/ff4444/ffffff,495
415,http://dummyimage.com/172x100.png/ff4444/ffffff,441
416,http://dummyimage.com/113x100.png/ff4444/ffffff,262
417,http://dummyimage.com/241x100.png/dddddd/000000,58
418,http://dummyimage.com/171x100.png/ff4444/ffffff,33
419,http://dummyimage.com/115x100.png/5fa2dd/ffffff,34
420,http://dummyimage.com/103x100.png/5fa2dd/ffffff,274
421,http://dummyimage.com/114x100.png/ff4444/ffffff,150
422,http://dummyimage.com/222x100.png/cc0000/ffffff,31
423,http://dummyimage.com/232x100.png/cc0000/ffffff,11
424,http://dummyimage.com/111x100.png/5fa2dd/ffffff,225
425,http://dummyimage.com/160x100.png/5fa2dd/ffffff,266
426,http://dummyimage.com/175x100.png/cc0000/ffffff,289
427,http://dummyimage.com/207x100.png/ff4444/ffffff,386
428,http://dummyimage.com/126x100.png/5fa2dd/ffffff,348
429,http://dummyimage.com/193x100.png/dddddd/000000,186
430,http://dummyimage.com/122x100.png/ff4444/ffffff,292
431,http://dummyimage.com/110x100.png/cc0000/ffffff,31
432,http://dummyimage.com/241x100.png/5fa2dd/ffffff,297
433,http://dummyimage.com/201x100.png/cc0000/ffffff,12
434,http://dummyimage.com/250x100.png/5fa2dd/ffffff,199
435,http://dummyimage.com/160x100.png/dddddd/000000,177
436,http://dummyimage.com/204x100.png/ff4444/ffffff,35
437,http://dummyimage.com/182x100.png/dddddd/000000,290
438,http://dummyimage.com/103x100.png/dddddd/000000,77
439,http://dummyimage.com/115x100.png/5fa2dd/ffffff,397
440,http://dummyimage.com/198x100.png/5fa2dd/ffffff,427
441,http://dummyimage.com/192x100.png/ff4444/ffffff,97
442,http://dummyimage.com/178x100.png/cc0000/ffffff,493
443,http://dummyimage.com/103x100.png/ff4444/ffffff,407
444,http://dummyimage.com/205x100.png/ff4444/ffffff,375
445,http://dummyimage.com/102x100.png/dddddd/000000,133
446,http://dummyimage.com/216x100.png/dddddd/000000,374
447,http://dummyimage.com/176x100.png/5fa2dd/ffffff,69
448,http://dummyimage.com/236x100.png/cc0000/ffffff,257
449,http://dummyimage.com/220x100.png/dddddd/000000,371
450,http://dummyimage.com/227x100.png/5fa2dd/ffffff,373
451,http://dummyimage.com/228x100.png/ff4444/ffffff,490
452,http://dummyimage.com/190x100.png/cc0000/ffffff,255
453,http://dummyimage.com/143x100.png/ff4444/ffffff,58
454,http://dummyimage.com/100x100.png/dddddd/000000,462
455,http://dummyimage.com/147x100.png/5fa2dd/ffffff,96
456,http://dummyimage.com/126x100.png/dddddd/000000,273
457,http://dummyimage.com/174x100.png/cc0000/ffffff,394
458,http://dummyimage.com/184x100.png/dddddd/000000,382
459,http://dummyimage.com/159x100.png/dddddd/000000,111
460,http://dummyimage.com/203x100.png/5fa2dd/ffffff,158
461,http://dummyimage.com/141x100.png/dddddd/000000,457
462,http://dummyimage.com/210x100.png/dddddd/000000,29
463,http://dummyimage.com/147x100.png/5fa2dd/ffffff,310
464,http://dummyimage.com/198x100.png/cc0000/ffffff,57
465,http://dummyimage.com/146x100.png/5fa2dd/ffffff,214
466,http://dummyimage.com/200x100.png/cc0000/ffffff,8
467,http://dummyimage.com/154x100.png/5fa2dd/ffffff,326
468,http://dummyimage.com/118x100.png/cc0000/ffffff,330
469,http://dummyimage.com/127x100.png/ff4444/ffffff,456
470,http://dummyimage.com/158x100.png/ff4444/ffffff,33
471,http://dummyimage.com/200x100.png/dddddd/000000,313
472,http://dummyimage.com/213x100.png/cc0000/ffffff,463
473,http://dummyimage.com/222x100.png/dddddd/000000,427
474,http://dummyimage.com/182x100.png/dddddd/000000,151
475,http://dummyimage.com/131x100.png/cc0000/ffffff,441
476,http://dummyimage.com/206x100.png/5fa2dd/ffffff,324
477,http://dummyimage.com/183x100.png/ff4444/ffffff,58
478,http://dummyimage.com/108x100.png/ff4444/ffffff,92
479,http://dummyimage.com/249x100.png/5fa2dd/ffffff,259
480,http://dummyimage.com/118x100.png/cc0000/ffffff,107
481,http://dummyimage.com/221x100.png/5fa2dd/ffffff,95
482,http://dummyimage.com/240x100.png/5fa2dd/ffffff,106
483,http://dummyimage.com/243x100.png/ff4444/ffffff,354
484,http://dummyimage.com/185x100.png/5fa2dd/ffffff,141
485,http://dummyimage.com/116x100.png/cc0000/ffffff,227
486,http://dummyimage.com/198x100.png/5fa2dd/ffffff,17
487,http://dummyimage.com/239x100.png/ff4444/ffffff,137
488,http://dummyimage.com/176x100.png/ff4444/ffffff,400
489,http://dummyimage.com/140x100.png/5fa2dd/ffffff,232
490,http://dummyimage.com/105x100.png/ff4444/ffffff,486
491,http://dummyimage.com/141x100.png/dddddd/000000,259
492,http://dummyimage.com/163x100.png/cc0000/ffffff,175
493,http://dummyimage.com/207x100.png/ff4444/ffffff,19
494,http://dummyimage.com/238x100.png/dddddd/000000,45
495,http://dummyimage.com/187x100.png/cc0000/ffffff,408
496,http://dummyimage.com/130x100.png/dddddd/000000,10
497,http://dummyimage.com/193x100.png/dddddd/000000,83
498,http://dummyimage.com/235x100.png/ff4444/ffffff,301
499,http://dummyimage.com/214x100.png/5fa2dd/ffffff,121
500,http://dummyimage.com/170x100.png/cc0000/ffffff,441
501,http://dummyimage.com/200x100.png/5fa2dd/ffffff,288
502,http://dummyimage.com/130x100.png/dddddd/000000,5
503,http://dummyimage.com/171x100.png/cc0000/ffffff,460
504,http://dummyimage.com/241x100.png/5fa2dd/ffffff,83
505,http://dummyimage.com/176x100.png/cc0000/ffffff,442
506,http://dummyimage.com/146x100.png/5fa2dd/ffffff,175
507,http://dummyimage.com/232x100.png/cc0000/ffffff,387
508,http://dummyimage.com/117x100.png/5fa2dd/ffffff,308
509,http://dummyimage.com/215x100.png/5fa2dd/ffffff,427
510,http://dummyimage.com/145x100.png/ff4444/ffffff,335
511,http://dummyimage.com/161x100.png/dddddd/000000,400
512,http://dummyimage.com/179x100.png/5fa2dd/ffffff,33
513,http://dummyimage.com/247x100.png/cc0000/ffffff,159
514,http://dummyimage.com/238x100.png/cc0000/ffffff,86
515,http://dummyimage.com/215x100.png/ff4444/ffffff,222
516,http://dummyimage.com/238x100.png/ff4444/ffffff,40
517,http://dummyimage.com/159x100.png/5fa2dd/ffffff,196
518,http://dummyimage.com/223x100.png/dddddd/000000,366
519,http://dummyimage.com/247x100.png/dddddd/000000,391
520,http://dummyimage.com/164x100.png/dddddd/000000,470
521,http://dummyimage.com/170x100.png/ff4444/ffffff,349
522,http://dummyimage.com/147x100.png/5fa2dd/ffffff,453
523,http://dummyimage.com/127x100.png/dddddd/000000,440
524,http://dummyimage.com/237x100.png/ff4444/ffffff,297
525,http://dummyimage.com/103x100.png/5fa2dd/ffffff,486
526,http://dummyimage.com/213x100.png/5fa2dd/ffffff,243
527,http://dummyimage.com/233x100.png/cc0000/ffffff,194
528,http://dummyimage.com/240x100.png/5fa2dd/ffffff,462
529,http://dummyimage.com/118x100.png/ff4444/ffffff,291
530,http://dummyimage.com/121x100.png/cc0000/ffffff,74
531,http://dummyimage.com/103x100.png/cc0000/ffffff,247
532,http://dummyimage.com/192x100.png/ff4444/ffffff,383
533,http://dummyimage.com/134x100.png/5fa2dd/ffffff,390
534,http://dummyimage.com/170x100.png/ff4444/ffffff,153
535,http://dummyimage.com/221x100.png/cc0000/ffffff,188
536,http://dummyimage.com/109x100.png/5fa2dd/ffffff,250
537,http://dummyimage.com/108x100.png/dddddd/000000,376
538,http://dummyimage.com/159x100.png/ff4444/ffffff,308
539,http://dummyimage.com/163x100.png/5fa2dd/ffffff,46
540,http://dummyimage.com/118x100.png/ff4444/ffffff,62
541,http://dummyimage.com/198x100.png/5fa2dd/ffffff,184
542,http://dummyimage.com/224x100.png/cc0000/ffffff,454
543,http://dummyimage.com/103x100.png/cc0000/ffffff,448
544,http://dummyimage.com/127x100.png/dddddd/000000,64
545,http://dummyimage.com/190x100.png/5fa2dd/ffffff,163
546,http://dummyimage.com/211x100.png/ff4444/ffffff,224
547,http://dummyimage.com/234x100.png/ff4444/ffffff,411
548,http://dummyimage.com/130x100.png/ff4444/ffffff,105
549,http://dummyimage.com/219x100.png/ff4444/ffffff,491
550,http://dummyimage.com/194x100.png/ff4444/ffffff,285
551,http://dummyimage.com/104x100.png/ff4444/ffffff,360
552,http://dummyimage.com/134x100.png/cc0000/ffffff,156
553,http://dummyimage.com/163x100.png/5fa2dd/ffffff,122
554,http://dummyimage.com/168x100.png/cc0000/ffffff,87
555,http://dummyimage.com/137x100.png/dddddd/000000,118
556,http://dummyimage.com/118x100.png/5fa2dd/ffffff,166
557,http://dummyimage.com/245x100.png/cc0000/ffffff,331
558,http://dummyimage.com/238x100.png/cc0000/ffffff,116
559,http://dummyimage.com/133x100.png/ff4444/ffffff,299
560,http://dummyimage.com/245x100.png/ff4444/ffffff,241
561,http://dummyimage.com/221x100.png/cc0000/ffffff,98
562,http://dummyimage.com/181x100.png/ff4444/ffffff,486
563,http://dummyimage.com/211x100.png/cc0000/ffffff,481
564,http://dummyimage.com/122x100.png/5fa2dd/ffffff,35
565,http://dummyimage.com/187x100.png/ff4444/ffffff,282
566,http://dummyimage.com/110x100.png/ff4444/ffffff,3
567,http://dummyimage.com/122x100.png/5fa2dd/ffffff,315
568,http://dummyimage.com/234x100.png/5fa2dd/ffffff,167
569,http://dummyimage.com/154x100.png/cc0000/ffffff,212
570,http://dummyimage.com/165x100.png/ff4444/ffffff,271
571,http://dummyimage.com/140x100.png/cc0000/ffffff,322
572,http://dummyimage.com/198x100.png/cc0000/ffffff,412
573,http://dummyimage.com/192x100.png/cc0000/ffffff,64
574,http://dummyimage.com/155x100.png/cc0000/ffffff,183
575,http://dummyimage.com/198x100.png/dddddd/000000,330
576,http://dummyimage.com/134x100.png/ff4444/ffffff,382
577,http://dummyimage.com/171x100.png/5fa2dd/ffffff,426
578,http://dummyimage.com/102x100.png/5fa2dd/ffffff,87
579,http://dummyimage.com/107x100.png/dddddd/000000,272
580,http://dummyimage.com/139x100.png/cc0000/ffffff,132
581,http://dummyimage.com/129x100.png/5fa2dd/ffffff,499
582,http://dummyimage.com/233x100.png/ff4444/ffffff,167
583,http://dummyimage.com/222x100.png/cc0000/ffffff,173
584,http://dummyimage.com/224x100.png/5fa2dd/ffffff,259
585,http://dummyimage.com/233x100.png/5fa2dd/ffffff,217
586,http://dummyimage.com/110x100.png/ff4444/ffffff,137
587,http://dummyimage.com/234x100.png/5fa2dd/ffffff,209
588,http://dummyimage.com/170x100.png/5fa2dd/ffffff,282
589,http://dummyimage.com/145x100.png/cc0000/ffffff,321
590,http://dummyimage.com/203x100.png/cc0000/ffffff,24
591,http://dummyimage.com/199x100.png/ff4444/ffffff,251
592,http://dummyimage.com/201x100.png/dddddd/000000,363
593,http://dummyimage.com/118x100.png/5fa2dd/ffffff,418
594,http://dummyimage.com/227x100.png/5fa2dd/ffffff,21
595,http://dummyimage.com/193x100.png/ff4444/ffffff,323
596,http://dummyimage.com/215x100.png/cc0000/ffffff,109
597,http://dummyimage.com/243x100.png/dddddd/000000,34
598,http://dummyimage.com/217x100.png/dddddd/000000,89
599,http://dummyimage.com/219x100.png/dddddd/000000,166
600,http://dummyimage.com/242x100.png/dddddd/000000,440
