user_id,name,email,avatar_url,created_at,password_hash
1,Rina Murfin,rmurfin0@yelp.com,https://robohash.org/minusestmodi.png?size=50x50&set=set1,7/3/2025,$2a$04$nbycC9vQKCT5GCtkoGR5z.5lqWoMCsyrxdc3PjrpUuaJsa/BDuPYG
2,Allegra Seale,aseale1@tripod.com,https://robohash.org/doloresaddolorum.png?size=50x50&set=set1,3/22/2026,$2a$04$lh8hGqG9gWsWTxPkN5tuGu2BWR0eJpHv05Dm/JL3uSICUob34G0Ke
3,Waverly Chopping,wchopping2@elpais.com,https://robohash.org/erroroccaecatipossimus.png?size=50x50&set=set1,9/24/2025,$2a$04$L8H6vaJF7MZreUMDgikbBebJYiasJgZobuZl.3jY/mczpZe8fyGKW
4,Amanda Scading,ascading3@ted.com,https://robohash.org/rationeautmaxime.png?size=50x50&set=set1,2/10/2026,$2a$04$aSwt6oXUS4s/3IWhmNgGReXUsZ9mQzDTVlikyjHjqTErQMw6valeG
5,Jobina Phillcox,jphillcox4@engadget.com,https://robohash.org/quicommodiab.png?size=50x50&set=set1,4/25/2025,$2a$04$DNBaahFTZD3S18lXPcSk3eF.vS6FZe5TI8PfG.3RAN//5H6MnquPa
6,Allianora Addenbrooke,aaddenbrooke5@goo.ne.jp,https://robohash.org/estexpeditatempore.png?size=50x50&set=set1,8/4/2025,$2a$04$caupjdlJp1YiCcLltpON0ewu8e5/pg7pjBlpNf.ovrIfCzu/qUdhG
7,Matty Geistmann,mgeistmann6@foxnews.com,https://robohash.org/nostrumdelectusporro.png?size=50x50&set=set1,3/2/2026,$2a$04$v.VDC394Zf4AxS2VGcV5LewO8L8kpXkoz35bR3U2ZvrAdJmfwt1Oa
8,Jeannette Caskey,jcaskey7@goo.gl,https://robohash.org/eligendianimiex.png?size=50x50&set=set1,3/26/2026,$2a$04$3vmNaUe7LzrXfCrRETfYyOAgE5qUkFYDmMhKPRcPAreziglFGzHGy
9,Lorena Gentiry,lgentiry8@comcast.net,https://robohash.org/nondebitisadipisci.png?size=50x50&set=set1,2/11/2026,$2a$04$e8tuM88TABmyowt/hwGOQOkVDyBVeD.yzNQb1mtsh4mvY.uGuVXOW
10,Cathy Eim,ceim9@hexun.com,https://robohash.org/culpavoluptatumnesciunt.png?size=50x50&set=set1,3/10/2026,$2a$04$Ou3//cf0r1PyYOLJHgqCeeXn8.we4TRv4lYaOtCPIv5b9ysD/2/qS
11,Alexine Schoales,aschoalesa@aboutads.info,https://robohash.org/solutavoluptasvel.png?size=50x50&set=set1,7/10/2025,$2a$04$m34f1MGf.AfdvvwT6eN8beySsX6gqFEMkLC3rnO8mx0Nv3.PSQ.OS
12,Korella Aleksidze,kaleksidzeb@mysql.com,https://robohash.org/autaspernaturaliquid.png?size=50x50&set=set1,9/24/2025,$2a$04$2T1nnOQod2../anVyRDbHu0/JUBBAYpxLZ.FfTQvJRRVUr81KwC7.
13,Hillier Whitsey,hwhitseyc@xrea.com,https://robohash.org/sintquasidelectus.png?size=50x50&set=set1,1/8/2026,$2a$04$jL9mPfX8nQdu4jDocqlf7OVTfl/xCVuNYAJO4pfmz3Bpmw6OMwzkS
14,Elli Germain,egermaind@mashable.com,https://robohash.org/doloreperferendisipsum.png?size=50x50&set=set1,12/10/2025,$2a$04$/sDrcH5/XlT9tiw7lhXI7ONhcxV6hd.HPWCE9lVNe8HerPig8mRF.
15,Chuck Espadate,cespadatee@upenn.edu,https://robohash.org/vitaepraesentiumquaerat.png?size=50x50&set=set1,2/19/2026,$2a$04$H5ZMN474ttRZ4H.z/CxT/ufW7TU8XnA1BK7Hx80zHDryzm8kHm9Cq
16,Beck Cansdall,bcansdallf@macromedia.com,https://robohash.org/vitaeperspiciatisconsequatur.png?size=50x50&set=set1,6/10/2025,$2a$04$A45zTRc051Zx/wWuNRrdoekFg6NqU74FkD1AyDBrf.pepROI5UN0K
17,Nilson Trainer,ntrainerg@go.com,https://robohash.org/sitaporro.png?size=50x50&set=set1,7/28/2025,$2a$04$i96PjhrQvp0PyWZ9p1t6DeEHK2aJPclMEdIbjte49g7rxXOTN0i/q
18,Clerkclaude Bedbrough,cbedbroughh@ustream.tv,https://robohash.org/nesciuntaliquidpraesentium.png?size=50x50&set=set1,8/18/2025,$2a$04$QOPrq2RIpjh8IYzwrhSPcOrovfXniw1aS3BrLU8qhZUauHxDOxC9K
19,Emilie Mewburn,emewburni@nature.com,https://robohash.org/minusutnam.png?size=50x50&set=set1,5/6/2025,$2a$04$RxlGm1Qb/ngIGsues32zo.swu5PnhmOXS5jHnPPcFCIDJoUmUQqhK
20,Gwyneth Deem,gdeemj@paginegialle.it,https://robohash.org/dolorumaspernaturcupiditate.png?size=50x50&set=set1,4/23/2025,$2a$04$NDvubRj5DDSCujflLoxnpO90cVIqWSwc41VoFB91tsive7etcQZCi
21,Clayson Gotobed,cgotobedk@noaa.gov,https://robohash.org/autemiustoin.png?size=50x50&set=set1,3/15/2026,$2a$04$JBI49IwQ2E6SuA3pvxB1he2Eek8OyO3cTAiF/JLnJ91tf7sgmOCOG
22,Waylon Mix,wmixl@cpanel.net,https://robohash.org/laudantiumtemporavitae.png?size=50x50&set=set1,10/9/2025,$2a$04$Ea1CuJF1ekJuzJuP9/fns./dKqlfovBDy0Wn5Ws0ZpknUohFolasu
23,Megan Brideoke,mbrideokem@ed.gov,https://robohash.org/reprehenderitnihilnesciunt.png?size=50x50&set=set1,3/16/2026,$2a$04$0qAzKoQspy3IpUdtbZhqgeG//isn9u1sQHa8pmmPPmLoArVQmPIF2
24,Quintina Savoury,qsavouryn@java.com,https://robohash.org/rationesapientecupiditate.png?size=50x50&set=set1,9/19/2025,$2a$04$SgpTLat7WaBD3c6oEhnZueWMPPuDz7KG2XF62LscxXNu0YVrlhCyC
25,Gabbey Triplett,gtripletto@cbslocal.com,https://robohash.org/occaecatinihileius.png?size=50x50&set=set1,8/30/2025,$2a$04$JcbUfr5Iwirk098Oo/1ZAu0nCFGxhLK58LWVbN/lKSwzlbNptY1Gm
26,Carlie Course,ccoursep@yale.edu,https://robohash.org/repellendusseda.png?size=50x50&set=set1,5/31/2025,$2a$04$V9o1Ifmp4zBIMwwVEFEaG.vLaOKnmPuzDOF0H1vdcyZUh4dD/g3qG
27,Creight Stanistreet,cstanistreetq@alibaba.com,https://robohash.org/doloremquout.png?size=50x50&set=set1,6/19/2025,$2a$04$yJ9H7bfZLR8oSQ5XKZlVc.Y1xdGBnyht7laxut3stn4EUk.jHjYR2
28,Arlette Pratley,apratleyr@cnbc.com,https://robohash.org/minusveritatisdolores.png?size=50x50&set=set1,2/3/2026,$2a$04$lEoaVv4JH7jtjfuOCLYZu.nNA/39YBOnsNiu7/COtTDnSsIChcuSO
29,Carolin Gillespie,cgillespies@t-online.de,https://robohash.org/perferendisrepellendusaccusamus.png?size=50x50&set=set1,12/4/2025,$2a$04$Twvayj7vCvwk8DMT82elYuRWCCvtKp9/fIbs1HzWwA09F5/OVujNy
30,Malissa Josselson,mjosselsont@princeton.edu,https://robohash.org/velitatqueeum.png?size=50x50&set=set1,8/26/2025,$2a$04$anyIkfqQ6w7/6vz9K2euXu4.PZEFUfYtCvIxUwu.3laQ5onT/XhZS
31,Benetta Oakenfall,boakenfallu@archive.org,https://robohash.org/doloremcorruptivoluptatem.png?size=50x50&set=set1,10/6/2025,$2a$04$DiGHoiGDplKpZi2Y/T0Y0.XwETzA4dCkXXchGP12W5gRmPuD3WHaO
32,Ophelia Jeff,ojeffv@seesaa.net,https://robohash.org/absuntquod.png?size=50x50&set=set1,2/5/2026,$2a$04$5md1Yf0PBwRMxAXeqPXNQe/bNP1HPSZGaWN1nqpD.CbVtbjs36.WK
33,Konstanze Skitch,kskitchw@state.gov,https://robohash.org/adipiscifugafacere.png?size=50x50&set=set1,1/13/2026,$2a$04$RYPX6VxeFVoj.zrRvwTj6esYTLteHgnJh/JMWnMFuytb.csn507uO
34,Valdemar Narbett,vnarbettx@etsy.com,https://robohash.org/molestiasrerumperferendis.png?size=50x50&set=set1,9/20/2025,$2a$04$GYv8lRKCq1r0D.IPxQBdSe8CzKxa2ur7tst7bFC9.EYkmbWeycIa.
35,Edvard Gillon,egillony@flickr.com,https://robohash.org/sequiquaeratquasi.png?size=50x50&set=set1,1/12/2026,$2a$04$IvSinlgoO0VaM9cB/rOlseO4VC38PW.d2VhTwULjhLjigijrcJGdS
36,Falkner de Bullion,fdez@sakura.ne.jp,https://robohash.org/doloremquedoloribuseum.png?size=50x50&set=set1,1/6/2026,$2a$04$hpiKfSlw1DSol3CLh73UIOXFHf/HIvK788CNqwWcIDRGCI1IepasS
37,Tad Lanegran,tlanegran10@scientificamerican.com,https://robohash.org/quaeaccusamusvoluptatem.png?size=50x50&set=set1,5/30/2025,$2a$04$IDvacFb9ByqoMNDcn/JA3uySAeVK1LuuctQZ13rPFsSDagiUdP94C
38,Aundrea Laurand,alaurand11@simplemachines.org,https://robohash.org/nisiutlaboriosam.png?size=50x50&set=set1,8/31/2025,$2a$04$nHdMhsQyyQ9PapEx5BiKGeSQyHhw4nYMSuJdTcd.3.yUFJLUpiWE2
39,Kaine D'eye,kdeye12@homestead.com,https://robohash.org/consequatursuscipitet.png?size=50x50&set=set1,2/8/2026,$2a$04$LzJSaUS0dFhVWqgxny1X3Ou1wEAhh2Qeo3TbIV2ZuTzT3fFBUr5mm
40,Amandie Marklin,amarklin13@hibu.com,https://robohash.org/numquamrepellendusdicta.png?size=50x50&set=set1,6/13/2025,$2a$04$oIkgHE8aWk1T9qoyWc40ueYZFZMgWe7w1JwTbCtXwX.fMteksxrvq
41,Aristotle Helian,ahelian14@google.it,https://robohash.org/nontemporeeum.png?size=50x50&set=set1,8/1/2025,$2a$04$mKDP6wbqXmSAXEV8Axo6EuUZYvbYsQJ9EXsm0h91awtn38e4Bn8iy
42,Sigfrid Lucian,slucian15@storify.com,https://robohash.org/optiorecusandaedistinctio.png?size=50x50&set=set1,10/14/2025,$2a$04$LBn/rVmKpHAADNwjqgZm8uwmn1ABgsLRjKr8OfjsmL0RFYw/vH5gm
43,Marieann Omar,momar16@miitbeian.gov.cn,https://robohash.org/enimdolorumdolor.png?size=50x50&set=set1,8/11/2025,$2a$04$R4YFTTUCs8auMt2vbBHzR.3nKsLWVChhCafQShqWg6XLWxXF0Octa
44,Shay Thonason,sthonason17@sciencedaily.com,https://robohash.org/iustoutex.png?size=50x50&set=set1,7/18/2025,$2a$04$fn/ZzrAETEqt//fxkMMs2u8aEWb449Ce6sT4M5TQ4Uoxnp1DKXXey
45,Laureen Bossingham,lbossingham18@issuu.com,https://robohash.org/etsintvitae.png?size=50x50&set=set1,3/6/2026,$2a$04$ObgGsvEVXJ1FrHQ5wVPw8O/USW1f/ewKBnWtqsH1/9h589Rr9xY/i
46,Rosco Pelos,rpelos19@etsy.com,https://robohash.org/aliquamcommoditempora.png?size=50x50&set=set1,8/3/2025,$2a$04$I8sDbv7JW0OBDZATSNpf7.lVByuSSnEte.M2z8wEoFS3i8fAtIzKO
47,Jenny Edison,jedison1a@deviantart.com,https://robohash.org/voluptatemautemimpedit.png?size=50x50&set=set1,5/6/2025,$2a$04$s3ZOKQRGBbSmcjq34tpooOwpm7USr8ceqN7OFNacYwtEhutVuOox2
48,Egon Blockwell,eblockwell1b@histats.com,https://robohash.org/illoinsimilique.png?size=50x50&set=set1,10/31/2025,$2a$04$M4GI8FCbyG6xOlw3n8QqUuF3ui0eBh39fV75dxwZGu3732oQnuwDu
49,Tierney Burtwell,tburtwell1c@usa.gov,https://robohash.org/eligendidictarecusandae.png?size=50x50&set=set1,5/30/2025,$2a$04$crEIIZxWayct5XpJRiImwe3ljPkvhfDBXOQk3tTdKHjlMP26gu6ru
50,Maynord MacKilroe,mmackilroe1d@fema.gov,https://robohash.org/atqueomnisdebitis.png?size=50x50&set=set1,3/22/2026,$2a$04$OZ6U7n5cEFd2yEodkGaqAukp2oR7Q7p85ucmBdH0nT0IRg3jVyby2
51,Chris Luttger,cluttger1e@google.cn,https://robohash.org/eumcorrupticommodi.png?size=50x50&set=set1,5/13/2025,$2a$04$c4btkiVN.m/0ZFbXEoEsc.OR4GMODpGjE8dDYpM4KhZrPz14sd09O
52,Drusilla Meacher,dmeacher1f@devhub.com,https://robohash.org/eaisteaut.png?size=50x50&set=set1,11/1/2025,$2a$04$THkPQGVuvkQ2tSAQ8t2aReCK066FIiP1Jc4OBbaN8qx7WmsX4gAXG
53,Debera Deuss,ddeuss1g@whitehouse.gov,https://robohash.org/illodolornobis.png?size=50x50&set=set1,12/24/2025,$2a$04$rcklN2pd5fX6JSxMameziO63wjQcKPphAWYwbYbiijil6YvxgZoH6
54,Shay Esmead,sesmead1h@upenn.edu,https://robohash.org/eumnonin.png?size=50x50&set=set1,11/5/2025,$2a$04$rzzuBA1wmodVhh.2EGZFtub3F6aDVuwaBHktXMIKa4UQMskx9fLLK
55,Harriett O'Downe,hodowne1i@google.cn,https://robohash.org/commodiexpeditaquae.png?size=50x50&set=set1,5/20/2025,$2a$04$8bCVLF1KUfY.4vZIf0hHrOf.vEVIeioBJEWaSyMTNmUucgcRF9hCW
56,Emma Neillans,eneillans1j@sun.com,https://robohash.org/voluptatemetdolorem.png?size=50x50&set=set1,2/19/2026,$2a$04$WHDFdfGZvQ0crb8ZpBTt6OkTMv.FZMWLpmhq/SY6XM5dY8pregRDO
57,Phillipp Berthomier,pberthomier1k@dailymotion.com,https://robohash.org/molestiaemaximeut.png?size=50x50&set=set1,9/11/2025,$2a$04$.HoPfehkJBw4yIVX7SlX4OV8Ekl4YH/wudqZV.eCFBdAqmuiWppa2
58,Athena Donn,adonn1l@amazonaws.com,https://robohash.org/delenitieuma.png?size=50x50&set=set1,4/1/2026,$2a$04$iA0sxBs35QgIKoqAy5x16uh7Occp586FJYPYaC6SqtU.Q9ek1xOJS
59,Bink Rorke,brorke1m@geocities.com,https://robohash.org/erroretenim.png?size=50x50&set=set1,12/15/2025,$2a$04$SDrO4cn3OMluv.Af9.LAL.bPHpgHCWV1.qSXIcq.eLykEka.ZPpA.
60,Goldie Spinks,gspinks1n@desdev.cn,https://robohash.org/quaecorporisperferendis.png?size=50x50&set=set1,4/1/2026,$2a$04$2kmr1HKz64pDc6FtN1PjDeF5kBYW7aUOFjuDFUVCu5PyS4nWNL7ou
61,Danell Augustin,daugustin1o@pagesperso-orange.fr,https://robohash.org/accusamuseumquidem.png?size=50x50&set=set1,3/4/2026,$2a$04$EL6ZSTJT8FKb1lCJlvlYquq/t4Av8MGy/FAw5bIRq7qsOiU/Pfw42
62,Myca Hammon,mhammon1p@parallels.com,https://robohash.org/atquenequerem.png?size=50x50&set=set1,3/15/2026,$2a$04$lsJxk0rw1oakTUxrCHhsMOaDvWEFms8X3M7g6oRkXINutwCHwnaJy
63,Abbey Bellenie,abellenie1q@weebly.com,https://robohash.org/doloribusvoluptatemvelit.png?size=50x50&set=set1,2/23/2026,$2a$04$JMtHdrNJxxLAcdtj49p/TeBKGz9WxygwzNaIv9N97p7XpK07go04i
64,Monique Mayes,mmayes1r@shop-pro.jp,https://robohash.org/corruptialiquamaut.png?size=50x50&set=set1,1/28/2026,$2a$04$YTwdR5wHxS9tuVdgvJEZ7.GOQdyzIgjyBc1l2/oKXVnuuJ7ciZpIm
65,Sibyl McWhirter,smcwhirter1s@comcast.net,https://robohash.org/liberoutsunt.png?size=50x50&set=set1,3/8/2026,$2a$04$UZPKdZ.XX9xM6r5MNTFvKuLwHyF/Xheuw1wkqk28kukSXbBPw5MW.
66,Winn Odegaard,wodegaard1t@huffingtonpost.com,https://robohash.org/atqueasperioresdelectus.png?size=50x50&set=set1,5/24/2025,$2a$04$y02KVIN0uWIFhILiKENztOYlsbpQVW2CDKnk2rHvIXC.I13vXKcUe
67,Lamar Rice,lrice1u@arizona.edu,https://robohash.org/utnesciuntet.png?size=50x50&set=set1,7/26/2025,$2a$04$XDHUGZVpWFhwfSqXSZeELO6FZYpxjxkV.iTvJmaZpww3ttany6cpu
68,Derick Keneleyside,dkeneleyside1v@jugem.jp,https://robohash.org/assumendaeaqueexplicabo.png?size=50x50&set=set1,6/29/2025,$2a$04$wuUu5T6MWjgbyiRfgwPyPe2U3W.JYGFoqEaCNok/Czsab7Z0eD3lK
69,Goldy Wareham,gwareham1w@tmall.com,https://robohash.org/quamporroiste.png?size=50x50&set=set1,8/12/2025,$2a$04$QGCn.3z5n1KsPwLLmdXQyOx00kb6c7DV.9fzVCL4aINsPUgOQaL.W
70,Ede Thomsson,ethomsson1x@archive.org,https://robohash.org/asperioreseligendimagni.png?size=50x50&set=set1,2/28/2026,$2a$04$2OP5CVWLtlX/hoNhB5CyeezSV2eo0b.y7.XIH80WB9K/Khq7NiNPe
71,Paquito Gurton,pgurton1y@miibeian.gov.cn,https://robohash.org/enimdoloribusmolestiae.png?size=50x50&set=set1,11/30/2025,$2a$04$3lo3PjhqXC.7WgwY1qtDE.73RUpCLXiVZ0HaqTA0US1K/f9ywgrs6
72,Winna Tollit,wtollit1z@nydailynews.com,https://robohash.org/autemconsequaturipsum.png?size=50x50&set=set1,11/3/2025,$2a$04$ovlZUe3PyucFKonh8SKPres5Hg7vycgK.TzDXxBfwAhEdkSQjTXlO
73,Vasili Kainz,vkainz20@mapquest.com,https://robohash.org/hicminimarepudiandae.png?size=50x50&set=set1,4/11/2026,$2a$04$7rF.ned77pdsBLAAZorTjuQucGr3TPlcB0vZxJT/U06.UlVXkuu9K
74,Ludovico Bahde,lbahde21@studiopress.com,https://robohash.org/perferendisperspiciatisvoluptatum.png?size=50x50&set=set1,6/20/2025,$2a$04$IxAI.shvsBSNPKCtQubidekzRmvdgat560bYMOfP8ipELj8qtn//S
75,Damara Mallebone,dmallebone22@nps.gov,https://robohash.org/eumdoloribusporro.png?size=50x50&set=set1,12/12/2025,$2a$04$Q5A0M4yVraJmVhEwMYsQseHQEGU0pTJss48FZvDa5GQEU9pjHyrzy
76,Stefan Sidnall,ssidnall23@ezinearticles.com,https://robohash.org/inventorepossimussaepe.png?size=50x50&set=set1,12/26/2025,$2a$04$Uu.fK.ZWkeTODVuZXszUWeIzOH3rrJrzp6QhwvfMbBIcTgMsRUPGq
77,Harland Caush,hcaush24@moonfruit.com,https://robohash.org/voluptatemquaecumque.png?size=50x50&set=set1,5/10/2025,$2a$04$wgsqGyo9VbwokR12gA0mvuuFRHc9Yl0a6BfMYfSGJTfLkEtOY6926
78,Francis Hafner,fhafner25@umn.edu,https://robohash.org/magnifugitquidem.png?size=50x50&set=set1,12/1/2025,$2a$04$9iXbTDY0J2uYFVF9c/o6..Ff1BsrGgPLdBXMpBilSvheQscR5m1Yi
79,Humfried Govan,hgovan26@washington.edu,https://robohash.org/suntetvoluptatem.png?size=50x50&set=set1,9/23/2025,$2a$04$nDtTeQ20e0SwdBEW5QvdmuO4mZKy542NEaIVL7l6uZUn5INi./9Xu
80,Evangelia Connell,econnell27@instagram.com,https://robohash.org/etexplicaboautem.png?size=50x50&set=set1,10/19/2025,$2a$04$1FcwnH5eOwAJCWFoQa/FXeEoYSs9JHgIcC0uGGnXLrq.OYSTaBKmm
81,Lura Hischke,lhischke28@dailymail.co.uk,https://robohash.org/cupiditatelaboriosamveritatis.png?size=50x50&set=set1,5/21/2025,$2a$04$U9DHcCtZWPRxhGovdyja1.0AnIjcZm0QVWJeOouRMpH02Vl2lm7AS
82,Verile Marston,vmarston29@army.mil,https://robohash.org/quibusdamminimaincidunt.png?size=50x50&set=set1,12/25/2025,$2a$04$u0M24PrqyDOyaHyF62YbceKFjCML3HOGYLrseJXBRSeg5I98C6xyy
83,Malina Whitcher,mwhitcher2a@google.pl,https://robohash.org/eoslaboriosamid.png?size=50x50&set=set1,4/21/2025,$2a$04$d8/TrGy1qbin/rBAXYYTF.VtxoN9TG6x.SIae1q0elorcvdn/be3.
84,Daniella Druitt,ddruitt2b@nhs.uk,https://robohash.org/doloremillumsunt.png?size=50x50&set=set1,3/10/2026,$2a$04$IPXFilUr4.mta8.Q9czYou/tznCvXY09FCMlKw8SAwEyoa11MIS7G
85,Lesley Calver,lcalver2c@nasa.gov,https://robohash.org/inventoreplaceatsed.png?size=50x50&set=set1,8/2/2025,$2a$04$H37UWFpxMQKissnfaqCzBef3yw..Yfrp1Mji46TBnKZBOVwAaPl0u
86,Rafaelita Creasy,rcreasy2d@toplist.cz,https://robohash.org/officiaeiusqui.png?size=50x50&set=set1,1/25/2026,$2a$04$DMsMpsVs2iJmowO4fvEJAunq5Xh4z2LEKwjOCgZq9OEGpdNi4rJUO
87,Cece McLucky,cmclucky2e@wikimedia.org,https://robohash.org/ametsuntunde.png?size=50x50&set=set1,3/20/2026,$2a$04$M4zRfquUBvEPkuNjfewtgeWjfDFm55xif.EeOgnm8kUU8vDg/GoiK
88,Noelle Pietri,npietri2f@comsenz.com,https://robohash.org/voluptatemadsoluta.png?size=50x50&set=set1,2/24/2026,$2a$04$wJD4xjeD48j9Mf3Ood5DM.kkav8xN8LZI8zhXTj18hdE5bLgc2tKq
89,Nora Rany,nrany2g@nymag.com,https://robohash.org/etminusiusto.png?size=50x50&set=set1,10/24/2025,$2a$04$ohvSK/1mf8RuPvYbfHdp7OSYX1v9p/.a1sct26bkIYoLoas4Yqt1.
90,Denys Gillham,dgillham2h@patch.com,https://robohash.org/perferendisquidemnisi.png?size=50x50&set=set1,1/16/2026,$2a$04$hjPVV0IlbiGF7XWyW0HkReX2ptQJnLvuJmpfIakbIC9Q/jRyiiljS
91,Carilyn Jowsey,cjowsey2i@cargocollective.com,https://robohash.org/deseruntfugitnon.png?size=50x50&set=set1,11/10/2025,$2a$04$J8s50/N9b66CULFlgYUhI.vdMBbQf.7QB.NGYGt/e.ddqRZ0L3BqO
92,Dionisio Hay,dhay2j@domainmarket.com,https://robohash.org/quiaeosquidem.png?size=50x50&set=set1,2/7/2026,$2a$04$zHMLORd/jrUo1jRj6ec8MOMrJkhm8pR0LySU/GIFqNXQLXaXJPS26
93,Devlin Gowry,dgowry2k@naver.com,https://robohash.org/aspernaturculpaomnis.png?size=50x50&set=set1,5/26/2025,$2a$04$4pniePBAWyn9Ol5MvSrPAOCf2z31PhFStscMSyns81Wdr42IivwMi
94,Ebenezer Rutledge,erutledge2l@dmoz.org,https://robohash.org/sintofficiisodit.png?size=50x50&set=set1,1/10/2026,$2a$04$UC4x5dSW7wjE2KQ08KUY3ugR/P.6py6FXcUIDZv4r7f06BzWMOzAG
95,Franklin Coolahan,fcoolahan2m@globo.com,https://robohash.org/praesentiumlaboresequi.png?size=50x50&set=set1,12/6/2025,$2a$04$sRu8DrQTO9wF1pdksfr36.uxjQMqf0JPO5HloCulgmNBY5AeY73bS
96,Lana Getcliff,lgetcliff2n@skyrock.com,https://robohash.org/quiasuscipitcumque.png?size=50x50&set=set1,12/7/2025,$2a$04$UeeWMeD0NKXBgo6VB3C7d.xKlt62E.sTmI0cDw.7eR57l6/VtugZK
97,Abagail Jeanin,ajeanin2o@exblog.jp,https://robohash.org/necessitatibusautut.png?size=50x50&set=set1,5/18/2025,$2a$04$g1LpECrufVwr.O5v3RaGL.y2mSjWvYxKOhBA18mgKJzMDFUxy.AU6
98,Kristyn Chavez,kchavez2p@geocities.com,https://robohash.org/voluptatemitaquedolore.png?size=50x50&set=set1,2/24/2026,$2a$04$cpMr4q/ZYZj.ZGLDvov5de78bsxTxxVKSd8jldvPgeIJwAyuacdm6
99,Randie Poure,rpoure2q@pen.io,https://robohash.org/quasutconsequuntur.png?size=50x50&set=set1,6/23/2025,$2a$04$pHrFznICfmgiaGCgMPMNMO5SaYJ8qz69d35rZoLWIuIEZLtxgtZs2
100,Maighdiln Brinkley,mbrinkley2r@amazon.co.jp,https://robohash.org/uttotammolestiae.png?size=50x50&set=set1,12/30/2025,$2a$04$0zge1tqLibHn2Fy0rkUfF.CH/Ze82.PJ3HEjqO0NEO./bKsOfmeZS
101,Hobart Ainsby,hainsby2s@cbsnews.com,https://robohash.org/exdelectusdebitis.png?size=50x50&set=set1,2/14/2026,$2a$04$PEtvZR8RJz08Y/d7I/Jaw.OY9dagXzCg9hYMqsyML18ANDQKnf96.
102,Matthus MacElholm,mmacelholm2t@newyorker.com,https://robohash.org/quisautsimilique.png?size=50x50&set=set1,4/24/2025,$2a$04$.zT54Gf9dJ89RTzWlUHRYeX.owTAJwvv.Dal9pXHrCCrt7yfi2//6
103,Reba Fraczak,rfraczak2u@tumblr.com,https://robohash.org/cupiditateatqueest.png?size=50x50&set=set1,11/23/2025,$2a$04$idpHeOhMFuwPwzsOdMjp8e76DSsQsy..A/KiVpR1nJsU1.Q7ZRJsq
104,Zacherie Bimrose,zbimrose2v@goo.gl,https://robohash.org/autemautsunt.png?size=50x50&set=set1,7/29/2025,$2a$04$ByRJ4C9eNlfz21Vmomtcre3OlkGEheLwZcLMHpLGSaA4lB5EHk8em
105,Emanuele Wombwell,ewombwell2w@slashdot.org,https://robohash.org/voluptatemquasitempora.png?size=50x50&set=set1,2/25/2026,$2a$04$hvpkvjzw9cZJzJl1RddQ4.bVtEx0x.lC9Kt5Ynvi3SMCMCml9qBJi
106,Lila Skaife d'Ingerthorpe,lskaife2x@cocolog-nifty.com,https://robohash.org/voluptatemetiste.png?size=50x50&set=set1,4/13/2025,$2a$04$GFflfy2/TzDd57eoTxZOyOR2hfYWn6S/33L3O6n8w8St9HQ2AxLhW
107,Wallie Whisson,wwhisson2y@cbc.ca,https://robohash.org/minusinatque.png?size=50x50&set=set1,6/15/2025,$2a$04$5QZG1ij2t5r0nQki0J/mfupTvEIyVj7u0OnCzIeMauJX.1SaNUWWi
108,Hesther Trudgeon,htrudgeon2z@wiley.com,https://robohash.org/suntaliquamsoluta.png?size=50x50&set=set1,2/1/2026,$2a$04$thuIfS8QIhTEjPP5ZL/DaeqFXrcqWNuGG3rZOb9F2HDggMAt3oo7W
109,Charmane Jone,cjone30@ycombinator.com,https://robohash.org/sintdignissimosvelit.png?size=50x50&set=set1,12/7/2025,$2a$04$qa7/UXIJplFpXH6awnjY2OV9clrpanDHh.WoW.jAbxiaHBCs48yg6
110,Otis Kilsby,okilsby31@house.gov,https://robohash.org/autautmaxime.png?size=50x50&set=set1,9/21/2025,$2a$04$eAUUCKrDizHLW62LwJ2CU.NpB/zmyfcofO15fehmVZYWy896Ecb6q
111,Claretta Gallichan,cgallichan32@google.de,https://robohash.org/molestiaesitet.png?size=50x50&set=set1,5/1/2025,$2a$04$hiQzR3Vownz9x5iQ.eet2eh1f/Lztyel5MEoRm4ecVSQJh9eU1gXS
112,Delphine Greeson,dgreeson33@issuu.com,https://robohash.org/sintmodiomnis.png?size=50x50&set=set1,12/19/2025,$2a$04$NmzLTCxbjbU7v1ozPKjCmeGuKbp/GNs8kyxVdMPyKSJ67DCOQ2UDu
113,Andee Mitchiner,amitchiner34@sun.com,https://robohash.org/sedconsequaturdolores.png?size=50x50&set=set1,3/30/2026,$2a$04$n.B5r3MP9NBe4Ixu0rG36ek9dVMdEOXHZgMAbWHhqFgo488uR9TLC
114,Mano Oliver-Paull,moliverpaull35@scientificamerican.com,https://robohash.org/nequemolestiascommodi.png?size=50x50&set=set1,10/5/2025,$2a$04$caSPyYdTMGvKUFUqM2AWOOnzNQ4zrrM7LbFrQRL9R/OELlEdpOdFa
115,Lavinie Hanhart,lhanhart36@ustream.tv,https://robohash.org/facilisdeseruntsit.png?size=50x50&set=set1,7/7/2025,$2a$04$hRZshNFlb1rISu7Alw0ypexpWzflp8WcYkNH4gLiXJ1qg3EnufYWi
116,Emelina Lilywhite,elilywhite37@ow.ly,https://robohash.org/sintetesse.png?size=50x50&set=set1,2/28/2026,$2a$04$3MoLcuABDpMFSXNV5WQvWe/ASIyAXUWzv0SarWKhb5Si.iCg7l//S
117,Cecilius Botterman,cbotterman38@bloglines.com,https://robohash.org/mollitiatemporeaccusamus.png?size=50x50&set=set1,6/21/2025,$2a$04$WxYDRyEQQEIrLPmFvJTruuvW4QkgsF7F1fINZQ96K.oYLqJetOPPS
118,Gerik Higford,ghigford39@creativecommons.org,https://robohash.org/exercitationemtotamrepellat.png?size=50x50&set=set1,8/21/2025,$2a$04$V5fgVlvOw7YD.86IQraeVeLD3MkgWUJV7T4oJtfHqep4Btdp18zJe
119,Borg Cleaveland,bcleaveland3a@umich.edu,https://robohash.org/dignissimosautoptio.png?size=50x50&set=set1,3/13/2026,$2a$04$uRv1wQE59VBAujX2RS5YTugmaaU.AdL/tbLc3dl84Xzp6dEESTXoC
120,Pietrek Morphet,pmorphet3b@redcross.org,https://robohash.org/quaedoloreset.png?size=50x50&set=set1,5/1/2025,$2a$04$UOTrPP/aUnZqwM0hFauToeAg72gmap4Z2Ivg3VlXoosoBZ6Jzw.fG
121,Eleanor Josephov,ejosephov3c@360.cn,https://robohash.org/rationeestlabore.png?size=50x50&set=set1,12/22/2025,$2a$04$SDjd7wuMtrZzBoLEXOH/dOLC2CJk0nfFd2Ke7dgxTUY2vIScvYwcm
122,Fidel Ludgrove,fludgrove3d@exblog.jp,https://robohash.org/facilisestnostrum.png?size=50x50&set=set1,12/9/2025,$2a$04$xlXkhB.jOzfPdzPwJMtJvO.qs0p8E1yHI5MOHdImOrY5pUc//WKwa
123,Lenee O'Day,loday3e@booking.com,https://robohash.org/ipsaquoerror.png?size=50x50&set=set1,10/7/2025,$2a$04$xrhtqopuBPGjojBiLT87DeHW5TRy9oGg6EcQxDGALl63./tgBKl8m
124,Darya Bengtson,dbengtson3f@t-online.de,https://robohash.org/velautnihil.png?size=50x50&set=set1,7/12/2025,$2a$04$uhalUvr.2lE8eF.VYKA.MeEP6EEwVPlwqLze9ifVbHJM0qRfNB5eO
125,Raoul Gofton,rgofton3g@examiner.com,https://robohash.org/quodperspiciatissit.png?size=50x50&set=set1,1/13/2026,$2a$04$yBzgozTD6gvd1SOkEZczUOmdAxPDbtXyejV1RduDNMDfYt9K4WVyG
126,Rufus Grzes,rgrzes3h@patch.com,https://robohash.org/temporibusdoloret.png?size=50x50&set=set1,6/19/2025,$2a$04$vtsh3Yb92g4QjEig6KyfdOusNLGI8YM1vpGs1Z7NKmuGVV5J9qzE6
127,Lester Fareweather,lfareweather3i@prlog.org,https://robohash.org/autemomniset.png?size=50x50&set=set1,3/30/2026,$2a$04$HnaBfBjxknt7JzuwENMMhO0gc5/QWm471/gU/3qMaOIEm0oTgSWmy
128,Percy Myatt,pmyatt3j@ebay.co.uk,https://robohash.org/essesapienteat.png?size=50x50&set=set1,7/9/2025,$2a$04$2IVuV3Irpz216D9kUJw4T.b4VrDRiJXygMnSbOLUbY6tSYlGgf9rG
129,Audra Barsham,abarsham3k@flavors.me,https://robohash.org/quiadipisciut.png?size=50x50&set=set1,3/5/2026,$2a$04$oTuY/VpiepXtKfRFqDkCzuXXZ2nKsBed0kw/6pIudPHEo823fBCFO
130,Hinda Stidever,hstidever3l@sina.com.cn,https://robohash.org/delenitisuscipitest.png?size=50x50&set=set1,12/12/2025,$2a$04$xGuefcR1f4QoKJfPwCJwGuCda4lE/8s4ifpmI/ohNHvHru0eB6Xee
131,Gregor Barhems,gbarhems3m@people.com.cn,https://robohash.org/reprehenderitautvoluptas.png?size=50x50&set=set1,6/19/2025,$2a$04$Q/vtzXLqWc9DVIJE4b7KDOXqlIC7NFk6k4imE1JFxnN7RzO0ZW/8K
132,Everard Exley,eexley3n@trellian.com,https://robohash.org/consecteturharumnon.png?size=50x50&set=set1,7/24/2025,$2a$04$jbZpSsEtAlz43hVcRbCb.ubaoQp52WyFAfieBq2tQVF7awwQq.k76
133,Neils Mucillo,nmucillo3o@rambler.ru,https://robohash.org/molestiasnobisvoluptate.png?size=50x50&set=set1,8/27/2025,$2a$04$NsofNPPbGR3HhLw/3zEkiuFVjIUm7PtxE7HTmIymZMl.psgr4fvnG
134,Giacomo Iacovazzi,giacovazzi3p@acquirethisname.com,https://robohash.org/autoccaecatiiure.png?size=50x50&set=set1,8/8/2025,$2a$04$zj7g6Cw2jvaUqys/jpNYt.W0mLr4Q4jO7/iNgNmgCdmS2zDAAwHmG
135,Charmain Roscoe,croscoe3q@live.com,https://robohash.org/recusandaeautnihil.png?size=50x50&set=set1,3/10/2026,$2a$04$poQi5cbcVvcDOCgdVP3v6.V7c0xA/407urCpElWy5wch.W80Z81vW
136,Barret Peyro,bpeyro3r@canalblog.com,https://robohash.org/sitmaximequi.png?size=50x50&set=set1,8/13/2025,$2a$04$dZgIeeQn9OIEZNoEHf1ZJ.WfnuoC9oVY3SaKoW2MAAR7R7d5lHR2e
137,Eloisa Peschet,epeschet3s@twitpic.com,https://robohash.org/voluptasnequeincidunt.png?size=50x50&set=set1,1/23/2026,$2a$04$Piq2igrPqgmWE4iiNUQwTePqeAeMQ0KM99KuT7fhWwU7j5YnixsbG
138,Ari Bartaloni,abartaloni3t@ucla.edu,https://robohash.org/evenietsitratione.png?size=50x50&set=set1,6/13/2025,$2a$04$l07GldCTH7YXqxhHmSplQu00w7qS3L2TZ033RASxUZZgsokuH.65e
139,Eugenie Berling,eberling3u@sphinn.com,https://robohash.org/sitipsamincidunt.png?size=50x50&set=set1,3/24/2026,$2a$04$e/lxho3NimlSzolDwuF2keZun4F.tZN9ih9zuMu6XW2YU3Bn.oc46
140,Emlynne Abisetti,eabisetti3v@ucoz.ru,https://robohash.org/consequaturnecessitatibusaut.png?size=50x50&set=set1,12/22/2025,$2a$04$M3t1aErzkVkf2M0hGYqMZOLSaetoRWflU1hZiDvTjRq6lbc89E9UO
141,Agatha Antonsson,aantonsson3w@cpanel.net,https://robohash.org/sitametnisi.png?size=50x50&set=set1,3/23/2026,$2a$04$8pmvKBV/S7XKDP1QCINpveaH8WJlze6N3XkUbRcekqXr3W0Fgtraa
142,Michel Oddy,moddy3x@ft.com,https://robohash.org/consecteturexplicabosunt.png?size=50x50&set=set1,9/3/2025,$2a$04$HwC.HjyhdSdKwXVk5V0PX.MbGWDcctew/WeAshK1Y2sX09MAOwZY6
143,Cyb Cringle,ccringle3y@sourceforge.net,https://robohash.org/sedipsumofficiis.png?size=50x50&set=set1,10/17/2025,$2a$04$BboSRptPNQkDqEmPKGTtmevai1P.ClO0l/M/8l0ZCyf3azu.opyGy
144,Edsel Fetherston,efetherston3z@blog.com,https://robohash.org/veleumveniam.png?size=50x50&set=set1,10/5/2025,$2a$04$htoaFQI6bycwzrDeV9yMfu73cz96isHFrnWLM341pqqgrHwJlNevy
145,Hymie Canedo,hcanedo40@shutterfly.com,https://robohash.org/distinctiorationeadipisci.png?size=50x50&set=set1,2/1/2026,$2a$04$PuOt6x6uGhr3qBPB6hGTnejeZuGzY/1aIoN58ITfuOYCn31ayZvzq
146,Raffarty Cantu,rcantu41@sfgate.com,https://robohash.org/saepeearumut.png?size=50x50&set=set1,3/27/2026,$2a$04$QQ/rl18Df4Qn1hDJ8f6mCO5F4BhbluXqQjmbMdtNVdhI3zXFDLIXK
147,Livvyy Josifovic,ljosifovic42@imgur.com,https://robohash.org/quiidvoluptate.png?size=50x50&set=set1,10/15/2025,$2a$04$wBLbkN7wTQsUw0J8OicX2.UU6Fyg00veKXluMSeg1Fe1UJffpgMCG
148,Angelita Jiricka,ajiricka43@shareasale.com,https://robohash.org/eligendiexaccusamus.png?size=50x50&set=set1,4/25/2025,$2a$04$wQAjE8AwlIpqebhCGowub.pk.yi37v1d2lixa2xvK9Wvq0iek/CEm
149,Doloritas Mirrlees,dmirrlees44@symantec.com,https://robohash.org/natusdoloremquod.png?size=50x50&set=set1,6/9/2025,$2a$04$ceJlPNS/5IgsesIQbGyjQ.AFfTS7Ymm63m/Nyn6ihEcTqZn8.vRIO
150,Rooney Fitzsimons,rfitzsimons45@archive.org,https://robohash.org/sapientecorporisut.png?size=50x50&set=set1,4/13/2025,$2a$04$lnE97IARlkVWfgUrPE.uO.yitF12VS6Luga1wOHIl1MqH3ctvQM1.
151,Ronna Jaffrey,rjaffrey46@tmall.com,https://robohash.org/cupiditateeumaccusantium.png?size=50x50&set=set1,8/9/2025,$2a$04$LwNcG/kW/57od3TiP8qjweMmaf1M90ZhJlvgG3mWH9Sc/8GDwN3WW
152,Lorens Saich,lsaich47@stanford.edu,https://robohash.org/corporisquisblanditiis.png?size=50x50&set=set1,6/18/2025,$2a$04$F52apC.O1W9/UtjUL58pSuEK0WBrBveCvP0BgJF71hq5hP.39H3Fm
153,Korey Ateridge,kateridge48@zdnet.com,https://robohash.org/cumquevoluptascorporis.png?size=50x50&set=set1,8/29/2025,$2a$04$Ovb8.Iz1lgYovtFuafodke9aJzL2leM/FpNxruZHMid0lKGFqghXm
154,Tilda Busby,tbusby49@163.com,https://robohash.org/quasquoquod.png?size=50x50&set=set1,7/31/2025,$2a$04$k/qoke2SwfgNz9lAKB8V.ORbTQfdSuDcihok357vIh6KvLBPnrZkC
155,Amanda Dulwitch,adulwitch4a@tinypic.com,https://robohash.org/expeditapariaturnulla.png?size=50x50&set=set1,5/4/2025,$2a$04$aTyaLw/0W3lP80IyFNNA4OJMHoihJizCj8tpP/BWq28drOJHNBSOi
156,Aleece Allright,aallright4b@thetimes.co.uk,https://robohash.org/magnamquiadolores.png?size=50x50&set=set1,2/21/2026,$2a$04$Tnq2bVdAdagG7jfKWLSkleECyNmHJxeIpdmbItVxYqx06PRM0ASy.
157,Minne Disbury,mdisbury4c@seattletimes.com,https://robohash.org/doloribusseddolores.png?size=50x50&set=set1,12/27/2025,$2a$04$5EKLL0aUUiNuRbAMP5LcWOqizMQ5rCo65qx.xvNUtdGYN49Pv0QIG
158,Kacey Baumaier,kbaumaier4d@feedburner.com,https://robohash.org/necessitatibusetnihil.png?size=50x50&set=set1,10/17/2025,$2a$04$.U1EcommZpPR5bD201kbZeQ.v4QGRf8z8oQ1rpbcmJp1HziE1YO96
159,Tomas Bodiam,tbodiam4e@netlog.com,https://robohash.org/voluptasdolorquia.png?size=50x50&set=set1,9/26/2025,$2a$04$FQu6pCYy3leCB13I/s/t4O3TNYMyWST/yREK3ukIADP4AfCF0CmOO
160,Myrta Mannakee,mmannakee4f@imdb.com,https://robohash.org/quismolestiaeminus.png?size=50x50&set=set1,2/9/2026,$2a$04$4JK3ByRBTNBJ.6Bp1oDskeNUjhL/6lsBvqrtsXQjcTVT.eLJsPVru
161,Locke Ingall,lingall4g@stumbleupon.com,https://robohash.org/quasquiaenim.png?size=50x50&set=set1,5/4/2025,$2a$04$OQdUxBwfJ4tXl4X0BlGhLuG2UHV4SNbggrwOzGx6.nKMQDVceh886
162,Vincents Chesnay,vchesnay4h@dmoz.org,https://robohash.org/voluptatemculpalaborum.png?size=50x50&set=set1,3/28/2026,$2a$04$zE0JazNd3Xgr3em1Tr8hyuVSfeIV1.ePAfq37Nv0p6srC//e7/wDm
163,Emma Stuchbery,estuchbery4i@hexun.com,https://robohash.org/modiessevel.png?size=50x50&set=set1,9/24/2025,$2a$04$m2yfINtdPGykyEhAqJKLfuZ3OYak3FcekkpZK7Ac.6tc492vdoRfq
164,Aldwin Antalffy,aantalffy4j@sciencedirect.com,https://robohash.org/consequaturdelenitisequi.png?size=50x50&set=set1,11/16/2025,$2a$04$eXeFpBHBbkRe65DUBevd9Or8YorJvvhI0ujm0ZqSgKL//wrvPsKRW
165,Lenci Lines,llines4k@nba.com,https://robohash.org/voluptatemipsaet.png?size=50x50&set=set1,5/31/2025,$2a$04$BRec15OHO8QNsP/P8beAxeROyYjn73JVDD/a0lM/0NcCimYktmM/a
166,Jeniece Fayerman,jfayerman4l@symantec.com,https://robohash.org/teneturplaceatharum.png?size=50x50&set=set1,7/23/2025,$2a$04$K.euDBPT5ONtGb/S7cbWpOVHH.GQ6nM4HY8szBI5npBpdzCfzI8Sa
167,Westbrooke Spare,wspare4m@unblog.fr,https://robohash.org/sedutearum.png?size=50x50&set=set1,5/26/2025,$2a$04$8KB3ebJp/v/XOboLk5BmdOoJbQo2DGwFczDd94ZNOTuPnst8j27oy
168,Tressa Hagard,thagard4n@issuu.com,https://robohash.org/laborumofficiadignissimos.png?size=50x50&set=set1,6/21/2025,$2a$04$pBk.SgW6WPDt8fgasimLce2xa83Z2AbwaWW7lekzTGQ1wWngKol8W
169,Clem Januszewski,cjanuszewski4o@narod.ru,https://robohash.org/quisquamveldistinctio.png?size=50x50&set=set1,9/6/2025,$2a$04$IL1h1IvoNzY8zgbJHWSBFOB3wdnscrsL0n8KvKi6098KOsHb05G1G
170,Pembroke Noller,pnoller4p@soup.io,https://robohash.org/temporibusabet.png?size=50x50&set=set1,7/3/2025,$2a$04$IRlwmzGXOTbqzsKZBq8NS.Cbqry58WtJgLOQZQLkgF6LmkA5zDXtW
171,Ferne Cartmale,fcartmale4q@ehow.com,https://robohash.org/laborumofficiismollitia.png?size=50x50&set=set1,10/6/2025,$2a$04$qVQr7sIXvkpxbksQ2eAfNu7dktZb5JZdYUIk6Qb7D13kZDrU5GvPW
172,Nettle Hiley,nhiley4r@over-blog.com,https://robohash.org/autcumquequidem.png?size=50x50&set=set1,4/28/2025,$2a$04$YZB9aIgRcRz49LZWId3vTurwx1I7BxQlUmqaEP8kPniUu1OyER0u2
173,Linnet Matveiko,lmatveiko4s@friendfeed.com,https://robohash.org/officiisinciduntaut.png?size=50x50&set=set1,11/8/2025,$2a$04$7DXBxhOFGy80whWgscAfw.CLOcaX6FKSvxfloHtkucOBN2gefz1hy
174,Tammara Ferron,tferron4t@sphinn.com,https://robohash.org/cupiditatesolutarepellat.png?size=50x50&set=set1,5/7/2025,$2a$04$9D8DjJvg/1zXro2ktFO7q.RKR/LkfsXdQmw7M8nX/PhpFPiY6UnT6
175,Amerigo Downs,adowns4u@answers.com,https://robohash.org/eaetnemo.png?size=50x50&set=set1,1/6/2026,$2a$04$VpHYf2CYzkJxT/5EMqLT1uVmQwSw.ruKnZQ9bxLc3eTcR2K98BXw6
176,Lucy Lourenco,llourenco4v@huffingtonpost.com,https://robohash.org/aliasquifuga.png?size=50x50&set=set1,9/22/2025,$2a$04$CkXVTixwAbwrmIQvJi4z4.Xp7iNm4F62d1PZUYg6p3v2HW.CD5JtC
177,Layney La Torre,lla4w@timesonline.co.uk,https://robohash.org/assumendaiustodolores.png?size=50x50&set=set1,12/16/2025,$2a$04$bU9zFCmzYankX.mj44YabO8AHaWERA5b3pi/3K0Zyle0LZHoYRh0m
178,Sarette Bullent,sbullent4x@amazon.co.jp,https://robohash.org/autemexcepturisint.png?size=50x50&set=set1,1/7/2026,$2a$04$GC9bzfNxji/yTvR0mgkZlutu.u3S2x4fDo2vKtbOoTz4K4MJCU556
179,Cedric Bellini,cbellini4y@wsj.com,https://robohash.org/dolorescommodiquis.png?size=50x50&set=set1,7/6/2025,$2a$04$71xS04tX1tQH9vI5Qkw7i.0uQMyLVRM8uOW1bLb769Z8fydO7pavG
180,Cooper Marrett,cmarrett4z@skyrock.com,https://robohash.org/temporamagnamqui.png?size=50x50&set=set1,6/23/2025,$2a$04$Mj6DEP30clI.HWNh9iXuYeZTgpEp9D5tn6q/OYjsVY6JQaTZJy9kS
181,Benni Linkie,blinkie50@nsw.gov.au,https://robohash.org/mollitiainventorenulla.png?size=50x50&set=set1,8/24/2025,$2a$04$SDZSRT1723D9dCkQeq8cJ.t5fCt9oM7151N6zaRm9ttbPYNi502I.
182,Ingrim Delort,idelort51@marketwatch.com,https://robohash.org/situllamut.png?size=50x50&set=set1,5/1/2025,$2a$04$2eyyktupfIdIU2PAIbyXPudjY5hBM70D6Lil/aXSuWCFpxT8obcLm
183,Elliott O'Cahsedy,eocahsedy52@joomla.org,https://robohash.org/velitnihiladipisci.png?size=50x50&set=set1,3/31/2026,$2a$04$yKVGsPfkC3worla/L/QFfuFcmcTIbUrjtod1TZPTIc7TeujqbB1yK
184,Gweneth Standingford,gstandingford53@opera.com,https://robohash.org/etquodnon.png?size=50x50&set=set1,7/7/2025,$2a$04$NNp6FoTafD.U/XBihi./oeSrMXNtxl1OYbBzyS7f3q5p5Woec0Uu2
185,Stevie Mc Trusty,smc54@yandex.ru,https://robohash.org/quofacereut.png?size=50x50&set=set1,5/20/2025,$2a$04$3zhblqusYKFfDJONKfEN6OF0.0nDRLtd6zIr7tIsHy0QpZjbh7L8a
186,Arlyne Markwell,amarkwell55@360.cn,https://robohash.org/autblanditiissit.png?size=50x50&set=set1,12/18/2025,$2a$04$XsiF3nUJoFEnZYCvY/p.z./Eb/YBAEbKzlUpuMh6c9svzN3nVNLNC
187,Shell Videneev,svideneev56@mediafire.com,https://robohash.org/reprehenderiteumqui.png?size=50x50&set=set1,8/3/2025,$2a$04$XcvwqbbitC1WYkLGwtF6EOQcmJTXjdOcAgSYmv2.r56lIma5lSpqa
188,Kitty Baltrushaitis,kbaltrushaitis57@icio.us,https://robohash.org/eteaqueet.png?size=50x50&set=set1,6/30/2025,$2a$04$688IvOFG6/3YeRIbmTtfxeyg/0Khw6FFL.BsM1No/lJDpDgZ5iMDu
189,Donna Ashington,dashington58@techcrunch.com,https://robohash.org/quiexplicaboatque.png?size=50x50&set=set1,3/24/2026,$2a$04$m8rHgAXNy7JcuSksnim10u3cU/LdSTojGiwk8/vtx4wPjfkGxTmJa
190,Stanislas Lehrmann,slehrmann59@deviantart.com,https://robohash.org/estmaioresea.png?size=50x50&set=set1,6/22/2025,$2a$04$IR57giIqhccSDTtYEDYUrOenPlycQfdIrGMJf3HFNOIIwPRe48MmS
191,Shell Caldera,scaldera5a@sphinn.com,https://robohash.org/autvelitdeserunt.png?size=50x50&set=set1,7/29/2025,$2a$04$NvFJ.LPCvjnqZJjF45Z5zOP7l/.RU6LWV.UhJU02ups9KSMdICC2m
192,Dion Fildery,dfildery5b@accuweather.com,https://robohash.org/esseetquis.png?size=50x50&set=set1,8/6/2025,$2a$04$9sOXspcuDYNEWUwR6eHOMuIk0ZLt9y9BddviP4oP27p11n0AqITsW
193,Rafe Archibald,rarchibald5c@trellian.com,https://robohash.org/perferendisrecusandaeoptio.png?size=50x50&set=set1,12/6/2025,$2a$04$hskkaoBxcsfcPF47jFHyh.jbviH72MLGTE1WcXmAl0YI9JvdHhV.2
194,Annabela Pagen,apagen5d@state.tx.us,https://robohash.org/autnemout.png?size=50x50&set=set1,11/21/2025,$2a$04$v0RMU2nBq5DBH/O06jWtqOk/O1KWYev0bD28A20ug83jJPRlGsIpK
195,Rod Rigard,rrigard5e@hexun.com,https://robohash.org/perspiciatisbeataequo.png?size=50x50&set=set1,9/7/2025,$2a$04$4j5z0E5tGNOIvSkheWLHMuIMYbI05S3a2MVwwpuohkSO6OEU6xbBm
196,Syd Eric,seric5f@cargocollective.com,https://robohash.org/autrerumnon.png?size=50x50&set=set1,10/17/2025,$2a$04$8b7VP/HpnXK0.wNQ17k3wOKMPWt6DDMhNyrEWgKtoejAG9Gp/GhHS
197,Kippie Pennyman,kpennyman5g@blogger.com,https://robohash.org/fugiterrorlibero.png?size=50x50&set=set1,7/9/2025,$2a$04$a4kB/klaPxS8AdpngMFQ6eEgNOd48JdAqBiw9Ba/ga7ecXRnVrYN6
198,Jordain Patterfield,jpatterfield5h@ameblo.jp,https://robohash.org/quasiametaspernatur.png?size=50x50&set=set1,12/8/2025,$2a$04$9Dj7yNdgPdP/AnI655R03.vphNdNG.qfrotT0fu2qDmKX5/dST6bu
199,Terrijo Sheed,tsheed5i@4shared.com,https://robohash.org/dolorpraesentiumet.png?size=50x50&set=set1,4/9/2026,$2a$04$dGiP3RksIhoN3PxyB2wgQ.NhikRVEUUwpks//TTWKv0Yh.d7UiNWS
200,Prince Jones,pjones5j@smh.com.au,https://robohash.org/omnisexpeditaquam.png?size=50x50&set=set1,7/17/2025,$2a$04$imbVTIjx3UPRskgC1Mv1eeZP.ihUSyyvM7iS3xnB4WcjpTWwL3R2K
201,Amery Shillington,ashillington5k@microsoft.com,https://robohash.org/corporisautema.png?size=50x50&set=set1,10/31/2025,$2a$04$UWWIXZB9pNLA92MSNo105OMTvgptI7YmsZ/hyZYG0INFqp7IiRlNa
202,Glenine Vuitte,gvuitte5l@instagram.com,https://robohash.org/voluptasullamratione.png?size=50x50&set=set1,3/6/2026,$2a$04$0MTyS0gWCT/vVC1hNxGP4uN6G6RXrbwJw2vOmrUGPFlkkqCvpWr3S
203,Evyn Springtorpe,espringtorpe5m@histats.com,https://robohash.org/autmolestiaedolor.png?size=50x50&set=set1,11/15/2025,$2a$04$cAmxlqu.pOKkBagR8XS3J.lOndiraIdiXa/h92sQT37uPQxQBBQpW
204,Carce Crinage,ccrinage5n@quantcast.com,https://robohash.org/veritatisquivero.png?size=50x50&set=set1,9/10/2025,$2a$04$w/VtA/KTrwGch70yuWgr6eOz0/buOl.hq9biBP4T/9VBghGjfUmGO
205,Blinni Kislingbury,bkislingbury5o@ezinearticles.com,https://robohash.org/utducimussimilique.png?size=50x50&set=set1,8/6/2025,$2a$04$fDmo0fByzqXIHUKz2dxwcOVusBxD20jjivwlfovFeA9lhs2ROxFKu
206,Bendicty Jursch,bjursch5p@themeforest.net,https://robohash.org/autemdistinctioasperiores.png?size=50x50&set=set1,4/8/2026,$2a$04$Z3Tn6hBT3RPtvykaskHZ0.HM.5Sapv/UMvAo0anzJMifueuSj/ZXW
207,Kristy Esom,kesom5q@mtv.com,https://robohash.org/quosquaereprehenderit.png?size=50x50&set=set1,7/6/2025,$2a$04$kRDzrWmiVyPeHuEzLK4YC.dylU0NwHSFbf8OA5YNwjq5P3CGoY7sa
208,Morton Krinks,mkrinks5r@pbs.org,https://robohash.org/inciduntutnihil.png?size=50x50&set=set1,3/5/2026,$2a$04$bZdfY4zf3l/W/c6cWIE50.Dts4G8oL7bXL73l1xpTiXANf/tTUhKm
209,Simone Borrie,sborrie5s@samsung.com,https://robohash.org/ipsacommodiet.png?size=50x50&set=set1,1/29/2026,$2a$04$MOtOKEOvTlxNSIRQaqQ3UeMGjyLxsGTGG7wLx/4XIr/r7J8FMMMFW
210,Claiborn Loynton,cloynton5t@sfgate.com,https://robohash.org/quassuscipitanimi.png?size=50x50&set=set1,11/9/2025,$2a$04$UJrHVE4HULsWkyLX8NUvl.NroX7v7uBzVaxA.ro8GNCbk0rpe/osW
211,Shem Giercke,sgiercke5u@edublogs.org,https://robohash.org/debitisdignissimosipsa.png?size=50x50&set=set1,5/17/2025,$2a$04$XmLcEKuQX9c6BMiVYLF2NO5NEw.p4pjhYKDYrHYM/Sl036XDaJFBy
212,Mal Jouaneton,mjouaneton5v@addthis.com,https://robohash.org/facilisrerumdolor.png?size=50x50&set=set1,10/2/2025,$2a$04$1wOVod2Wq8zzYfC8T75Bh.1mXxtmQzdvl/zqEn5acA4sORbJBfWqa
213,Malissia Addess,maddess5w@multiply.com,https://robohash.org/quiamollitiaut.png?size=50x50&set=set1,12/22/2025,$2a$04$Yfnd91w05NqjU7Ef5NKEWerxEnCH3nNlSAjWGwxmj/SG/pbCX9vni
214,Iseabal Ruddom,iruddom5x@va.gov,https://robohash.org/adidcumque.png?size=50x50&set=set1,4/10/2026,$2a$04$6tcayV8kgiEWvYijTKG5OOUw2EHPY.sSkBqy7/VC6xFUIeZk5bBem
215,Alexandros Megarry,amegarry5y@skype.com,https://robohash.org/enimquismolestias.png?size=50x50&set=set1,2/26/2026,$2a$04$BuFR2VjEJ2yeeBGBsQupjuNfPCInV1QzhjeLeRA2DXr9d5EOYHayy
216,Gordon Cusworth,gcusworth5z@theguardian.com,https://robohash.org/sequiadreiciendis.png?size=50x50&set=set1,9/10/2025,$2a$04$Bo7fFCEq2a0i4CosxQK3MO9o6yXo71spfcFCIEK6cICevpqh7JMlG
217,Debra Jakobssen,djakobssen60@hugedomains.com,https://robohash.org/aperiamvoluptasvitae.png?size=50x50&set=set1,6/3/2025,$2a$04$14SHSlKZIPqL/jKK1aBTGONxBCe4RD7E4nfOkFoQCEDVxb/kjWxW6
218,Wilfred Duigenan,wduigenan61@1688.com,https://robohash.org/aspernaturasperioresdolores.png?size=50x50&set=set1,2/13/2026,$2a$04$fTPtdGVFILNDaPxHH5wXEO641y9sBbC1P7YaGDY.1cuhE/jysMInG
219,Madison Sabban,msabban62@privacy.gov.au,https://robohash.org/remeosdolorem.png?size=50x50&set=set1,5/26/2025,$2a$04$MReDxH0qPLZE5p1GgOSEseIMP7ZrMiQNNrsZzu1EQ6o9Qq0K3OR.a
220,Corrine Origin,corigin63@sina.com.cn,https://robohash.org/doloremautemsaepe.png?size=50x50&set=set1,12/15/2025,$2a$04$inbaFdw9s4Jg/q.v8YLV5epWCuCbf6Pg9ewdSnwiR0ufxH9x2oiEK
221,Cherri Binks,cbinks64@marriott.com,https://robohash.org/dignissimosaccusamussaepe.png?size=50x50&set=set1,11/21/2025,$2a$04$KZmom3ZPdKrJUziY8mkoVuCsRTASSMpOWllz3ipjCuctIa13D..Me
222,Marve Hachette,mhachette65@yellowbook.com,https://robohash.org/praesentiumnumquamest.png?size=50x50&set=set1,7/22/2025,$2a$04$21rHLcMwkb8x79BxZfZNlO4pmXtoFZyFn9XtdHc9QB.i7V.Hw0r3q
223,Brock Lambdon,blambdon66@google.co.jp,https://robohash.org/minimaeoset.png?size=50x50&set=set1,10/25/2025,$2a$04$UVNtPVHOOx/wfaA4M3Lek.j3meIwCaNnxCt9arMKJTL50U/2Dspbq
224,Louise Cowwell,lcowwell67@cloudflare.com,https://robohash.org/natusperferendistempora.png?size=50x50&set=set1,1/21/2026,$2a$04$RuSt9uWMhIWCyg/MvZabcedpAEtsuG2awlmFDC89JyJbTAoiay5gy
225,Moishe Cliff,mcliff68@google.pl,https://robohash.org/quodenimet.png?size=50x50&set=set1,8/16/2025,$2a$04$mCBrvyQH/0BVaKaE4xlxqusG6vh9qwbRHWHouogRfUndaX1IOB0PS
226,Gaylor Davidsohn,gdavidsohn69@pagesperso-orange.fr,https://robohash.org/quaeratlaboriosamcorrupti.png?size=50x50&set=set1,9/3/2025,$2a$04$u71QK9rUMrlDvsVVCWnLCOuXykwu33FWQVziYInd6UBYNy9GY6IH2
227,Arleyne Dionsetti,adionsetti6a@wordpress.org,https://robohash.org/estaperiamneque.png?size=50x50&set=set1,8/10/2025,$2a$04$SKJ/Cby73uvFnOUy7aV5d.oHpUjsvYEbor4foIYtLtLZznknsQfuK
228,Melicent Biagioni,mbiagioni6b@google.cn,https://robohash.org/aliquamplaceataperiam.png?size=50x50&set=set1,5/19/2025,$2a$04$jbEf8TzisAVSyNC0INJs6eWuorFNLOiUoqi5hd9KvEJvWDR2LlwA.
229,Laina Russilll,lrussilll6c@theguardian.com,https://robohash.org/autemtemporibusaperiam.png?size=50x50&set=set1,3/2/2026,$2a$04$KiLMZ1lqlCkFWBGiWnwjuOio0tZzSg0LvMgcKKVSZeKZtuSoIvxaa
230,Emmy Greetham,egreetham6d@google.cn,https://robohash.org/laborequinon.png?size=50x50&set=set1,6/4/2025,$2a$04$hiLlDcv0s6hekj0KbH16Gu9pYXQpaPlvf6EwmWcOH5WQQCppGEar6
231,Chicky Gronno,cgronno6e@usgs.gov,https://robohash.org/quasmolestiaeconsectetur.png?size=50x50&set=set1,9/1/2025,$2a$04$OrTyAdv9fV8Mi2BghQQaj.E4cc456oUMSnW2hJtkYL79aSxHFMj.i
232,Ringo Gosalvez,rgosalvez6f@fema.gov,https://robohash.org/estaccusantiumvoluptatem.png?size=50x50&set=set1,7/7/2025,$2a$04$.qXkOYfNtWPSqROgmmCjBuPyp4IKpTCJZuaNajYPj./BQi9P4/zqi
233,Armin Orneblow,aorneblow6g@foxnews.com,https://robohash.org/maioresfugavoluptatem.png?size=50x50&set=set1,6/21/2025,$2a$04$gmmOun8gDD5bULjJqoaAH.sgLHf5xFqRtgcZCvQAAo.UbjCJtYfJ.
234,Jameson Culpin,jculpin6h@icq.com,https://robohash.org/molestiaequisreiciendis.png?size=50x50&set=set1,3/22/2026,$2a$04$FrFYooY.IjyEZ1YHkbAPzeh2o.sQnWWxm7HfLGRIpypInoquQFlEK
235,Kassie Breagan,kbreagan6i@webeden.co.uk,https://robohash.org/estnihilenim.png?size=50x50&set=set1,7/11/2025,$2a$04$SA.4zZZA79/OMpT8N8g/DO1yBoJIOdFGd8Ov1yIuGto3cWOY8TRoG
236,Xenos Roussel,xroussel6j@hp.com,https://robohash.org/numquamvitaeneque.png?size=50x50&set=set1,6/29/2025,$2a$04$YDsX/ydwvQXwzD96JvTgTelVDlG8mvcoUOOxjoWpWH9WAEQU8D1A.
237,Garald Arnason,garnason6k@bloglines.com,https://robohash.org/quiveleum.png?size=50x50&set=set1,12/2/2025,$2a$04$ULFtq.vVY5ETFRjA1QTg5eU3D0mDnoGM4sVTfd90dzmVAWs2ZGf.m
238,Savina Salvin,ssalvin6l@apple.com,https://robohash.org/omnissuscipitmollitia.png?size=50x50&set=set1,7/5/2025,$2a$04$VUh/Ev03Dj/JbzT66nWwNONbBviNv9U1I9L8IBk1dfLy.ovZvXo3y
239,Barnett Bedow,bbedow6m@themeforest.net,https://robohash.org/eaquissoluta.png?size=50x50&set=set1,12/17/2025,$2a$04$6XT6yvQiy9DBaT9RAkSNROLP7wcPM7wGVVcTuA6HjI1FK43J3uYPC
240,Jakob Buckston,jbuckston6n@house.gov,https://robohash.org/undealiquidvelit.png?size=50x50&set=set1,4/3/2026,$2a$04$lxpqyqwyZrwIjKGkoP3Jq.QBm7vWwtReSVkU200M8Tx9/eengidz2
241,Man Kocher,mkocher6o@sourceforge.net,https://robohash.org/etvelqui.png?size=50x50&set=set1,10/30/2025,$2a$04$ktNIgAkXe6hikIJr6qfumuGtpNipl5M4Qd/kjpUmsjKFcY7gYdH82
242,Giustino Duddell,gduddell6p@drupal.org,https://robohash.org/facilistemporibusanimi.png?size=50x50&set=set1,10/7/2025,$2a$04$pD4DkYzTFYcV5mXWc989..roADqNLfHLtXRGdi8.KZ.EqB9xlc6D6
243,Erastus Stevenson,estevenson6q@bluehost.com,https://robohash.org/etvoluptatemcorrupti.png?size=50x50&set=set1,11/27/2025,$2a$04$2qk9UTEFTzoBoC42OHFFZukQTKFPObdhJG8h.tLa/wbmug9UMYkeK
244,Jayne Iskower,jiskower6r@mozilla.com,https://robohash.org/idinventoreveniam.png?size=50x50&set=set1,11/29/2025,$2a$04$eoBBCV2SLxLu2sU.A4yDb.BGZv62ufv4jFO/BpOPVHfTR/vXfM4sG
245,Marvin Barcroft,mbarcroft6s@sciencedaily.com,https://robohash.org/quisestdebitis.png?size=50x50&set=set1,8/10/2025,$2a$04$vUMEEW0MdZfFzjA4C0XGo.DxSChaZE8KkKVelXit0dKAxi5Ezfcfi
246,Stacie Huson,shuson6t@jimdo.com,https://robohash.org/autadautem.png?size=50x50&set=set1,2/18/2026,$2a$04$bneLXDNVDdBPCityRJvCHeFILQwWMW8FV5jKsd/vDFrE1INuKo5Ma
247,Rock Purselow,rpurselow6u@altervista.org,https://robohash.org/eummagnamconsequuntur.png?size=50x50&set=set1,11/29/2025,$2a$04$2AvG6Fa.YuNrDz2gbZpgieXWwu5cqKJyhanMcT/a6d2OJN5qPNfAu
248,Arleta Flewan,aflewan6v@squidoo.com,https://robohash.org/autamaiores.png?size=50x50&set=set1,11/9/2025,$2a$04$XdWgh8lgzu7QYclOHD2QqeikVeYfjUFR3NLa6XTE39YoJmz7DmIE.
249,Solly Gobert,sgobert6w@gov.uk,https://robohash.org/occaecatialiasnam.png?size=50x50&set=set1,9/11/2025,$2a$04$yOqrp8C7dvDlTwsFXkcU4u47ltREcz8fcWD7YNzvJ/G8qnY//qVMK
250,Hyacinth Zavattero,hzavattero6x@foxnews.com,https://robohash.org/autdoloresvoluptas.png?size=50x50&set=set1,10/4/2025,$2a$04$d/h6rkvL0BAu22QODWlk0uMqSRWofe3NJxXgLKSe3C7B.y.zkVnyO
251,Mandel Pardon,mpardon6y@columbia.edu,https://robohash.org/aperiammolestiaequam.png?size=50x50&set=set1,8/8/2025,$2a$04$tlOCS4JeNAtmVaL5lum54eJncYixT2CesTV5/J.DgpWsks6RmQbGu
252,Pavlov Eyles,peyles6z@google.nl,https://robohash.org/evenietplaceatnihil.png?size=50x50&set=set1,12/28/2025,$2a$04$fhqxZL0Fla9mLbLcChigGectzfXwebrRprbZnat597QVMmNndrl12
253,Albertina Leaver,aleaver70@surveymonkey.com,https://robohash.org/quaeerrorvoluptatem.png?size=50x50&set=set1,9/30/2025,$2a$04$e4fCN6PkjXxuYDBdeiP/xuuK43QhF0c1CB/GJlbtwwVWTN/8J3SY6
254,Dun Garth,dgarth71@tinypic.com,https://robohash.org/idullamdolor.png?size=50x50&set=set1,9/2/2025,$2a$04$V2.fTxl/IapNXiJqp/uNkeU9DjEDtHnqkJ0lW979sNv1BgExP.sU6
255,Hazel Lopes,hlopes72@theguardian.com,https://robohash.org/rerumrepellathic.png?size=50x50&set=set1,1/31/2026,$2a$04$XBU.FFYbKs9QL597kTpYP.Uysa3XtmoCOKwswsA3r5BVVT7DcsScm
256,Harriott Quince,hquince73@epa.gov,https://robohash.org/sequidoloremquesint.png?size=50x50&set=set1,8/9/2025,$2a$04$Djvr1M3sBcXH02fCSeo65O2Olo6Sodj0qb58bc6PMWh4kKQ2Ta4yq
257,Josselyn Ingarfill,jingarfill74@va.gov,https://robohash.org/namnequevoluptatum.png?size=50x50&set=set1,11/28/2025,$2a$04$wMGIh8AvUOyR2J26NaTqcOPz0J.0f5jsJbYPXPtYlhWKD36ySVHYO
258,Ruttger Nilges,rnilges75@salon.com,https://robohash.org/rerumaliquiddoloribus.png?size=50x50&set=set1,9/30/2025,$2a$04$t5lCbMRvqIDtixgF.CY48.VFRqw0nc3mIlpiJoyjvtBeLjKNMWjXC
259,Kayla Salerg,ksalerg76@umn.edu,https://robohash.org/autoptioperspiciatis.png?size=50x50&set=set1,5/21/2025,$2a$04$iDvo704bJho9EI20XD1KeOi2lp7/0/Tye7r9VrzzrYT3gOS7ev3Nq
260,Eduard McLanaghan,emclanaghan77@rakuten.co.jp,https://robohash.org/suscipitesseincidunt.png?size=50x50&set=set1,12/20/2025,$2a$04$kkqgaYfIcGCeUXHDkkX4L.cr8/f9jJ5Rn/9CZ5012DBg0BSWf81Pi
261,Deina Dilliston,ddilliston78@blogspot.com,https://robohash.org/voluptatemconsequaturest.png?size=50x50&set=set1,7/7/2025,$2a$04$pULKuF3lAixtM14o8GcfeeKFoIw./N1x7lc5LF54AeFeKhIqI7jyC
262,Cleo Cromarty,ccromarty79@tiny.cc,https://robohash.org/quialaboremagni.png?size=50x50&set=set1,3/26/2026,$2a$04$.aDpOGVye5OZfEfy/LphaOZE1ksBb4mWKjCqTfT1vaboQu50EpchG
263,Lay Mutton,lmutton7a@illinois.edu,https://robohash.org/fugiatquiaspernatur.png?size=50x50&set=set1,1/24/2026,$2a$04$4hRwrnMp1Cf0pzKEUQlQZ.nVwgWTO3HF7c5w7U5zyXU5A36fooeoy
264,Esme Sarll,esarll7b@hhs.gov,https://robohash.org/facereautemquas.png?size=50x50&set=set1,3/31/2026,$2a$04$LeYdKZsKCjj3yQCOeg1JIOcID.5kuO1COyc2.QkHKbD4DSKs7NBh.
265,Ezmeralda Birdwistle,ebirdwistle7c@house.gov,https://robohash.org/sedculpaut.png?size=50x50&set=set1,3/29/2026,$2a$04$KN7D1VgrSlb9pbluhptyUOLJN9xb1vu1dR5n0mOFVr3UgfbEZkZwu
266,Ring Mattinson,rmattinson7d@techcrunch.com,https://robohash.org/hiccumquequas.png?size=50x50&set=set1,2/20/2026,$2a$04$UEdrmA0K/KhrUmBX2ZowD.lhZAK93HYvzQ/yQF8yk1N2beE0Pi3Ry
267,Jonah Schenkel,jschenkel7e@economist.com,https://robohash.org/sitlaudantiumsequi.png?size=50x50&set=set1,2/26/2026,$2a$04$ZTVj7mcjLHG7.0Bebi7Mt.ojYb64j9ik61n2YFCCX/70uvwrqbwg6
268,Alaric Dawtrey,adawtrey7f@istockphoto.com,https://robohash.org/nostrumvoluptatemsit.png?size=50x50&set=set1,2/3/2026,$2a$04$CUdRchpTTC16G8okyDtiPuvP2Vujx9mlanxcAf/k6JKSM.Et0BYvq
269,Danya Ropking,dropking7g@spiegel.de,https://robohash.org/doloresexplicabout.png?size=50x50&set=set1,7/5/2025,$2a$04$OG5oZOdT8qYlmG9ty1lUC.BgsThrk8HV.JbxVMzAE3NpxwfcFo.7C
270,Janna Eringey,jeringey7h@facebook.com,https://robohash.org/mollitiasequioptio.png?size=50x50&set=set1,6/7/2025,$2a$04$TeXjeKoVGl982KCWoSW9BeMax.drsaIKjBlFtSl4Fv7CAUcdO6i52
271,Mariya Bertenshaw,mbertenshaw7i@deviantart.com,https://robohash.org/utsuntreiciendis.png?size=50x50&set=set1,2/11/2026,$2a$04$2o3lg6CxQWkpeRU3iGuyC.orB3es.Whpa.iAuwpoyD/mzGM6Dv1CS
272,Guthrie Fernihough,gfernihough7j@dell.com,https://robohash.org/doloreligendicorrupti.png?size=50x50&set=set1,4/11/2026,$2a$04$BOLMtyiA4kvJbtHjG7CVQetD6FB/Ad1Sw4FmKjxjfax3cUkKjrKV2
273,Jami Olpin,jolpin7k@yale.edu,https://robohash.org/temporenonsunt.png?size=50x50&set=set1,4/13/2025,$2a$04$i9fDsYxL2sU4WVBY3f9Qy.oMZ/NTl4.2mfoXZhZfGLhAYkA5ikgtq
274,Lizbeth Sainz,lsainz7l@technorati.com,https://robohash.org/cupiditateexpeditalaudantium.png?size=50x50&set=set1,12/4/2025,$2a$04$xeOzpD8heVXefo.S25FdKOMYFhwilMTyZetTY6JKycAE2NlgqAf7a
275,Kristal McCray,kmccray7m@shinystat.com,https://robohash.org/etadolores.png?size=50x50&set=set1,1/21/2026,$2a$04$mRIzMYBgapLSzgs1Xrmz/e5.LAT0UUv/ngPp/qePocZawOK445lTW
276,Eddy Lambrechts,elambrechts7n@addtoany.com,https://robohash.org/quaeevenietin.png?size=50x50&set=set1,3/18/2026,$2a$04$PmUxJ2W0MbjIU1t/iCS8m.1ygu.5.jj2BmYPgXvQ0.TDHZBJNYo56
277,Silva Panting,spanting7o@rediff.com,https://robohash.org/corporisveleos.png?size=50x50&set=set1,9/18/2025,$2a$04$U/vqSzUQ7FaqqK2YkG6YmeP6C1YTiEEz6hcyaooUZ1IReB2wKascS
278,Marabel Pinckney,mpinckney7p@hatena.ne.jp,https://robohash.org/dolorerepudiandaeut.png?size=50x50&set=set1,3/22/2026,$2a$04$EbLWRUz1PRy1OWY2xPsLGeClXpgOf4rjeQmlZLV1wo2CgYiOMz4VS
279,Zollie Nerne,znerne7q@1688.com,https://robohash.org/aspernaturplaceatminus.png?size=50x50&set=set1,2/12/2026,$2a$04$5/Kr9Lg0MWXx/x0qFQ/5JO45.Q1cy6EKs1kloKpB.mQgpSw2GqyNm
280,Oren Brende,obrende7r@ehow.com,https://robohash.org/omnisodioex.png?size=50x50&set=set1,12/16/2025,$2a$04$f6j7dkGr2Js3Uc3DYKjI0.ib5z8opB.t6Er4uA2ipxAclLRqhtFHS
281,Wallis Arrighini,warrighini7s@hibu.com,https://robohash.org/nemoquoincidunt.png?size=50x50&set=set1,7/19/2025,$2a$04$TJkIhn9/03p0rnORsLUViO2NrKlE2uv.rsKm7f37oYOjI5eoex8M.
282,Binnie Feldberg,bfeldberg7t@storify.com,https://robohash.org/natusvoluptatemexplicabo.png?size=50x50&set=set1,6/14/2025,$2a$04$FXwccJVKKFDi7ImltdC3Rue2Umrs8QvKsEx.sBOoy774JJPkgEBSa
283,Vinnie Bessell,vbessell7u@senate.gov,https://robohash.org/iureestreiciendis.png?size=50x50&set=set1,9/6/2025,$2a$04$gaT6WnFOPcWZLpukz/mUb.hywsupsF1zOe9rzRUsmHKP.qKp1goL6
284,Perkin Skillings,pskillings7v@amazon.co.jp,https://robohash.org/corporiseaet.png?size=50x50&set=set1,10/22/2025,$2a$04$Fi01uBzMBHhiAa/EcYktDeAx1g6L/2fHFd2woMwGTNglqu/qI2pb2
285,Cosme Northover,cnorthover7w@discovery.com,https://robohash.org/etinciduntmollitia.png?size=50x50&set=set1,10/18/2025,$2a$04$CIxMCHtQRx1M64m72YB/xOhaOf9281k6y2wW4KzroXt8rbCNNjzNe
286,Carie Coarser,ccoarser7x@51.la,https://robohash.org/repellateaperferendis.png?size=50x50&set=set1,1/17/2026,$2a$04$dEyGjoxwTat.VXFwAeAJBepZ1u4CWHgefWLzg1OG1pMdPZ1sdvsRS
287,Garrard Brennenstuhl,gbrennenstuhl7y@barnesandnoble.com,https://robohash.org/deseruntlaboriosamet.png?size=50x50&set=set1,7/7/2025,$2a$04$sDVrYQZPOV/qXn/GKqeD5.Rjcin3bS13TBT.EqEOJlbS6qCbKNdO6
288,Emelen Quaife,equaife7z@weebly.com,https://robohash.org/sedcommodivelit.png?size=50x50&set=set1,7/29/2025,$2a$04$n9Ulg6uMHmxYowA9Gy3ZuOhW3nViPsEn9ICtBSanQozkiQs05gUia
289,Robbin Sides,rsides80@is.gd,https://robohash.org/etutab.png?size=50x50&set=set1,4/15/2025,$2a$04$0RL59YvEpZt246oFge02Mu.jAlrQE/rS3I3uH.gvQwtPYDe6UuLQC
290,Shelton Stagg,sstagg81@tiny.cc,https://robohash.org/voluptassintrepellat.png?size=50x50&set=set1,10/8/2025,$2a$04$nvRqdYneuoJ2/Q7MM1YU6.X4xdrLueBqdFFC16d7IT.i4QdwIZDdK
291,Ignatius Oylett,ioylett82@forbes.com,https://robohash.org/dignissimossuntin.png?size=50x50&set=set1,8/3/2025,$2a$04$9KuNn6H.TbAPkL1DGz8hmeZXVHvtMUZCh8gmDLjiacXvBkudarSO.
292,Jamesy Erdis,jerdis83@tmall.com,https://robohash.org/culpasunteos.png?size=50x50&set=set1,7/5/2025,$2a$04$z5oBPJtGvVQsGYA872QZy.YvL4gPC2k/2KUJAeQS4NGLDLavyTvMW
293,Christoffer Ferrierio,cferrierio84@tripod.com,https://robohash.org/dignissimosetsed.png?size=50x50&set=set1,10/9/2025,$2a$04$vHERHo329dgaeGnbJ1OANuSumaG.PSyZVvKsOz0TzW0ZpUJ2UTD3K
294,Teodorico De Matteis,tde85@fc2.com,https://robohash.org/quosvelvoluptatum.png?size=50x50&set=set1,12/8/2025,$2a$04$o2XgsqhtX1JjGTRDMUVrQOGFgZ9/HvmCvdCP2JbUSSUXnxXdctxNS
295,Chelsea Pawsey,cpawsey86@nydailynews.com,https://robohash.org/quiessevoluptatem.png?size=50x50&set=set1,3/7/2026,$2a$04$OA5smRn9XsuqE5FGIB8xt.DsUdZa3mjTkMPDrm21u.p.0lPKCKg.a
296,Marney Smallman,msmallman87@prlog.org,https://robohash.org/enimperferendisculpa.png?size=50x50&set=set1,6/16/2025,$2a$04$YOvL4vNsTZb8Qks0hh19PeQ2itzg5CY2rmirrVDX29hulHl1x52tG
297,Kendall Bugler,kbugler88@bizjournals.com,https://robohash.org/quotemporearchitecto.png?size=50x50&set=set1,12/12/2025,$2a$04$KMhlekWuckZKt/np2yNfz.claGJmvZBn7OKJTXpZz8fCONBikna9K
298,Lillis Wellum,lwellum89@reverbnation.com,https://robohash.org/utconsequaturfuga.png?size=50x50&set=set1,12/31/2025,$2a$04$zid4tG8.z57lcW2T2g6Of.i3uwFPaQBVH7uWnxxV9nkWErn5e4rTa
299,Gayla Dendon,gdendon8a@alibaba.com,https://robohash.org/quaseligendivoluptatibus.png?size=50x50&set=set1,1/30/2026,$2a$04$c3fxkTq13lof9qcGCYTuDeW6JjsNpfU1P4RVnPJBxYvspADhyk5OO
300,Rubie Brereton,rbrereton8b@ftc.gov,https://robohash.org/numquamquamet.png?size=50x50&set=set1,4/24/2025,$2a$04$yh1bg7IzHUiBKFUteuCZ/uKdmyx5opdE.KA.iAmY9GHYQCumkgZCa
301,Kliment Abramovici,kabramovici8c@shareasale.com,https://robohash.org/pariaturenimvoluptatem.png?size=50x50&set=set1,9/3/2025,$2a$04$tef3X0wCES/Kz2BgguTD7u4AVFJ/9nq9P11uZUrPOkciy13H5NWtK
302,Harlen Jeannard,hjeannard8d@squidoo.com,https://robohash.org/asperioresrationevoluptatem.png?size=50x50&set=set1,1/10/2026,$2a$04$h/EdBjczKmRRkkI85N7rduFDswMawaO3sloTFOU6X9G2AOmYSDy9W
303,Wallis Inkpin,winkpin8e@prnewswire.com,https://robohash.org/iustoipsamvel.png?size=50x50&set=set1,10/4/2025,$2a$04$9UqYj2sCTj9dMSW8hNGtzObzLsdLUipO6zKteTFZkQtFXgKaTz38u
304,Mata Kitson,mkitson8f@t-online.de,https://robohash.org/doloreslaboriosamvoluptatum.png?size=50x50&set=set1,1/9/2026,$2a$04$CWH0BFRAb2DgwB1SKf.M0.Ft9yVzBR2iRiRUzoSNzHfQCRIf5kB4a
305,Seth Gosselin,sgosselin8g@lycos.com,https://robohash.org/uteiusquia.png?size=50x50&set=set1,5/10/2025,$2a$04$2RCe5L29Ww0ecUGN64K1RekdCiEhmNOzTOQrEWydd4qgU7vJ/Ci/q
306,Robinett Whitley,rwhitley8h@va.gov,https://robohash.org/omnisdoloremvel.png?size=50x50&set=set1,11/5/2025,$2a$04$HqeGmWCnfu/hDqcdfeKdZ.SC89UWG90xReztOj3Q7jh8nf0rpI7Rq
307,Bruno Cresswell,bcresswell8i@bloomberg.com,https://robohash.org/exdolorumsed.png?size=50x50&set=set1,7/17/2025,$2a$04$P/zs5Ct.FT228fykAkptmOX592Jt3aOp6CTgHJH.RiWAXNsCcSkPy
308,Genvieve Worsell,gworsell8j@eepurl.com,https://robohash.org/velitsedvoluptatem.png?size=50x50&set=set1,4/5/2026,$2a$04$o5lQviDBwEmHyojX86l9rO25vZtzS4tmWYrlgK.Umk0RPElym.9Lu
309,Charmain Calver,ccalver8k@google.es,https://robohash.org/autemcorporisquia.png?size=50x50&set=set1,12/5/2025,$2a$04$r476BzshSd.u11V2JA6BaeLr.hixAb0C/vwQR2n8ELBT9kMF1Sc9q
310,Kittie MacAless,kmacaless8l@hp.com,https://robohash.org/atnumquamcumque.png?size=50x50&set=set1,9/18/2025,$2a$04$qniUSe.vOdFhvpIyCdrHNu9Zh0YdHqVe50QmXErwdouVu0OxQZT.i
311,Filbert Frango,ffrango8m@theguardian.com,https://robohash.org/adipisciutaut.png?size=50x50&set=set1,6/21/2025,$2a$04$46cavJ2OTNaNdEowrBKY9OA4fgudsIcfmmO/NCxMSMytrZLiKiyDe
312,Shaughn Bampford,sbampford8n@smugmug.com,https://robohash.org/quiquaeratid.png?size=50x50&set=set1,3/20/2026,$2a$04$fgktcQoL3T.mON4fFtAl9uHPWT0C83ey.wFc2A3n8hRiZFXS.uawa
313,Belia Brackenridge,bbrackenridge8o@theatlantic.com,https://robohash.org/consequunturinventoretempore.png?size=50x50&set=set1,1/25/2026,$2a$04$Nt20SiSppMrN3ZTlNCA3ceaxa0.txFL2r5nCUXi.OibUQtFhFSB2C
314,Aubine Letessier,aletessier8p@hhs.gov,https://robohash.org/voluptatemetsequi.png?size=50x50&set=set1,11/5/2025,$2a$04$9UAOnhd6nNjC4PbQ6BEJ/OWGgUM6Qx2oKFMXQAlmm4PLrM4FoRKmm
315,Harvey Laverack,hlaverack8q@bandcamp.com,https://robohash.org/blanditiisporroquo.png?size=50x50&set=set1,8/24/2025,$2a$04$MZ8Ul9HnQHT89DUmBgQcgOr5wrPFgrOaZpTZfXLtfwlQ3FDkD821i
316,Nikita Bellon,nbellon8r@census.gov,https://robohash.org/idvitaeoptio.png?size=50x50&set=set1,7/18/2025,$2a$04$5/rJ.6c58cBY1aQQlytSlOKdinFLWc9u6uZ3h5kRzfpaBy.o/W.wK
317,Martita Scotchmer,mscotchmer8s@cloudflare.com,https://robohash.org/solutainsequi.png?size=50x50&set=set1,12/10/2025,$2a$04$6CXCHvJEB4ggpHq.Lq8aJOp/CstuZ.KLjAt5PjbJ7ixMunbCi2mcO
318,Allie MacSkeaghan,amacskeaghan8t@abc.net.au,https://robohash.org/errorfacereenim.png?size=50x50&set=set1,1/2/2026,$2a$04$1wDUc34RXqM4h1dNwdskLeKF.6U60pOwe96vBGSR4FTaEhrN./Cfu
319,Cassie Domleo,cdomleo8u@china.com.cn,https://robohash.org/enimeasaepe.png?size=50x50&set=set1,5/10/2025,$2a$04$1x3jh/YO11apzpNcpHNj.OZpoD8l0iCiygrwZ2O2NBmBS.nEU10aG
320,Molli Pitsall,mpitsall8v@apple.com,https://robohash.org/quisimiliquetotam.png?size=50x50&set=set1,1/30/2026,$2a$04$IGC64KpXWX8aAS4q6oKJIOcf3o89PnOQ/xVaVOw5UHKryDIPykF3S
321,Yule Grzeskowski,ygrzeskowski8w@si.edu,https://robohash.org/reprehenderiteaqueperspiciatis.png?size=50x50&set=set1,7/6/2025,$2a$04$zPYBydhYR6P6HKsCo53Uke.vgIwARz5k/oBcbRq1QGqLO9dSOLioy
322,Charmion Dory,cdory8x@myspace.com,https://robohash.org/quinisirecusandae.png?size=50x50&set=set1,5/3/2025,$2a$04$y0cnyzcCeXXhwPGRHlpmNetq3FtoMyx89VGFJVsjrpDr1sS//z99S
323,Cobby Pigot,cpigot8y@ehow.com,https://robohash.org/optioquolibero.png?size=50x50&set=set1,6/3/2025,$2a$04$HqHXrAr2G8.RRaDI9XIaCOC1YvgJwor0PRKm/cREBjbjnhBi6CZwq
324,Tyson Kellaway,tkellaway8z@yellowpages.com,https://robohash.org/similiquetotamest.png?size=50x50&set=set1,11/29/2025,$2a$04$EWBUgcR2sxd7xvCMIpb2q.dS4/qZ9sB22oSxh2BadxaonEAhDBWOe
325,Leonard Preble,lpreble90@biglobe.ne.jp,https://robohash.org/etnemovelit.png?size=50x50&set=set1,4/17/2025,$2a$04$jF5SMWzV/JnOzUXl2vMr..uiw4kos.ROK.ged0k1.icdVcjoBwBzK
326,Judy Hylton,jhylton91@plala.or.jp,https://robohash.org/voluptatibusnonquia.png?size=50x50&set=set1,9/29/2025,$2a$04$123fbHcsDCwguqBm4QllxuTSB6q1RhrpYIs5fDH4/Llyx.yJKO1ty
327,Randolf Hartle,rhartle92@smh.com.au,https://robohash.org/utmagnamnesciunt.png?size=50x50&set=set1,7/4/2025,$2a$04$rv1eX9PlbsYC3Q0S4wH7ROLUp.qmQ9aZKMJB20prIz46KvqX03VCO
328,Joby MacCome,jmaccome93@homestead.com,https://robohash.org/excepturivelitmodi.png?size=50x50&set=set1,4/2/2026,$2a$04$VjKLoYCR8.Oe6WMfg2lMl.YRCscMGkfUB077L9jn/cnc9CaajRXFq
329,Christiane Naldrett,cnaldrett94@disqus.com,https://robohash.org/recusandaequasnumquam.png?size=50x50&set=set1,3/20/2026,$2a$04$vPdlbRW9mgoapqOUXwXnjOcQtw2Q.icKNr.t09QlMpilt8C6ZKPi2
330,Arny Bolingbroke,abolingbroke95@gov.uk,https://robohash.org/etestut.png?size=50x50&set=set1,7/1/2025,$2a$04$CGh2LcDUwqeVWSp65sK4AO4NLqv8OqLQynfB15ZX/RokXAF4s7f9i
331,Murdock Overshott,movershott96@marriott.com,https://robohash.org/corporisvoluptatumnam.png?size=50x50&set=set1,10/25/2025,$2a$04$LM7D/hdfP1San4..u7E.bel1Jc7ZMENso7eHBrd6iDstT3tcqJpeK
332,Kayla Giraudo,kgiraudo97@icq.com,https://robohash.org/etmaximeaut.png?size=50x50&set=set1,7/31/2025,$2a$04$J9x8PTQKs5GIOiWmh8MHm.1tw3QpRgCbByxAcC1WfFsePAIGKND/C
333,Heidi Bouzek,hbouzek98@opera.com,https://robohash.org/natusetlaborum.png?size=50x50&set=set1,8/15/2025,$2a$04$5xYPJAAe.FwD.V44VbLdA.tzgResrCoSKgP5MOnJGo2BDwfiuGQkG
334,Jocelyne Hansford,jhansford99@nih.gov,https://robohash.org/laudantiumliberout.png?size=50x50&set=set1,6/4/2025,$2a$04$mvA4Ic2qgctlN7EjfiDn7u55B2KPukg03q.vRXOXfvuLM5pojnUlm
335,Beth Legrice,blegrice9a@harvard.edu,https://robohash.org/consequaturnumquamodit.png?size=50x50&set=set1,6/9/2025,$2a$04$wddGQeg2yFiXhoS6wleu0ePYn5puWO9oeva29gNaYn3A36sAp5npa
336,Katha Ech,kech9b@illinois.edu,https://robohash.org/consequuntursapienterem.png?size=50x50&set=set1,10/13/2025,$2a$04$IoR1Gvyc15C04yqPOhn5zOFg/YjzR3idk.vpdvkevnwnD9xtBpIeK
337,Madelena Suddell,msuddell9c@house.gov,https://robohash.org/veleiusaut.png?size=50x50&set=set1,6/5/2025,$2a$04$XaTu70RtP5ZjYg5N1hOrKuh33n1kWwZ2Q421dvyBqeoZmCFTj75EG
338,Jethro Laffling,jlaffling9d@reuters.com,https://robohash.org/numquamnemoofficia.png?size=50x50&set=set1,1/5/2026,$2a$04$ROZjNZKWHjwJ2Te6xamY/uSmas3/T5pKW7vOzfbynqhPtVVvWmzvS
339,Mattie Pulver,mpulver9e@google.com,https://robohash.org/voluptatemrationeunde.png?size=50x50&set=set1,1/15/2026,$2a$04$b7E5z..VeJy4oSZRoz0RAu5hradDy96dICQNep1bF77efIut591Ie
340,Daryle Haresign,dharesign9f@loc.gov,https://robohash.org/explicabononitaque.png?size=50x50&set=set1,6/29/2025,$2a$04$CYqN7OOV.GXSamvx70gT5.jbKikcLr.eEGTru9zm1OJ4QppD7S/32
341,Jeniece Paxforde,jpaxforde9g@youku.com,https://robohash.org/consequaturanimidoloribus.png?size=50x50&set=set1,4/15/2025,$2a$04$QNWqhdRw/jsnDvRth.Hvd./UCZ7ySIX/gUGs81WEn5TYgUqG/IRMG
342,Don Dysart,ddysart9h@t-online.de,https://robohash.org/doloresaliquidnon.png?size=50x50&set=set1,8/31/2025,$2a$04$hK9R9gXAGNoa2a1sIoNv9ekJod7K8LX789j9jkAnjX/zabP6XMRV6
343,Ephrem Khomin,ekhomin9i@studiopress.com,https://robohash.org/doloremquaeratmagnam.png?size=50x50&set=set1,4/25/2025,$2a$04$pBID1jaSun2fWdY.VAf/J.WgDwPqmdlHOg9xFwfAo.vtenAxFIU/e
344,Isak Du Plantier,idu9j@booking.com,https://robohash.org/solutaautemveniam.png?size=50x50&set=set1,3/22/2026,$2a$04$z44EWRQmUI5tGATE0DkicepRvsbxMVcEgx.0DFq4C4/blBu/PKTc2
345,Alfreda Cutriss,acutriss9k@google.fr,https://robohash.org/undetemporesit.png?size=50x50&set=set1,2/10/2026,$2a$04$NIQYMGUjADQuH1M1CuoJAuHJ9l84EJfTjFvp3Ot6eokQNXM2YV/zW
346,Culver McCrossan,cmccrossan9l@clickbank.net,https://robohash.org/quiessealias.png?size=50x50&set=set1,1/25/2026,$2a$04$rmkyVZiWtZYZlAK7zxif1u.D5noOKNy/FPRI2OtFbsfPHNXiStgbW
347,Tilly Wigzell,twigzell9m@list-manage.com,https://robohash.org/repellendusvelitsint.png?size=50x50&set=set1,6/15/2025,$2a$04$Y373NUzKsG5w5WgZyUA5Q.Jo/R4zg/IjdfsRinVFJb.djUD9KfgQ.
348,Maurine Collin,mcollin9n@mlb.com,https://robohash.org/harumquiaccusamus.png?size=50x50&set=set1,7/8/2025,$2a$04$P2Hal7kxgV/JMeVebHm92.1jcxzQ4uJK.M59QJ.XuOYex68p8LMIO
349,Gardiner Shimmin,gshimmin9o@sourceforge.net,https://robohash.org/atdelenitiquaerat.png?size=50x50&set=set1,1/20/2026,$2a$04$voe4oxPU8eYdnf1.rAh59uahyRkvDWLPLM/DutoA5BYc9X4pabYIK
350,Clevie Castaignet,ccastaignet9p@ca.gov,https://robohash.org/idquiamaiores.png?size=50x50&set=set1,8/30/2025,$2a$04$EMNz0M8vJp/PAea5LL7CEeMOOCm/bsQ3alYM9pw40JLZoLWpD6KxW
351,Teddi MacGilrewy,tmacgilrewy9q@google.de,https://robohash.org/utperferendisexercitationem.png?size=50x50&set=set1,9/29/2025,$2a$04$Lg4gI6gXVs7adepyfzDkXeCyBqNEfmAH6ANAKlvpVKPUkDJAiSs5G
352,Pavia Adamczyk,padamczyk9r@unc.edu,https://robohash.org/voluptatesmolestiasaperiam.png?size=50x50&set=set1,11/27/2025,$2a$04$.4eiejh/gleoaEOkq3GhfOAh00gyKFfSgHRfkgcJ6wYwlP2mpsM3e
353,Pris Rowly,prowly9s@deviantart.com,https://robohash.org/facereetsint.png?size=50x50&set=set1,8/10/2025,$2a$04$3XR4AkMxzdBRuw3xVNbjPugafl4vjToZ2cH8Q3/Ouq6HqzM.gLiCW
354,Juli Leeder,jleeder9t@europa.eu,https://robohash.org/suscipitsaepedignissimos.png?size=50x50&set=set1,8/4/2025,$2a$04$MLu0dpv73fhn/sLdCrgLtefEjQ/7ScubZjDJbkdxB04Qh5T7kG.6C
355,Della MacDaid,dmacdaid9u@homestead.com,https://robohash.org/ducimusrerumest.png?size=50x50&set=set1,4/23/2025,$2a$04$suRNHw56rFZnAFIQK4B2O.ZzmlFRxRJRybx8awqDvFmykXEYuDU1W
356,Cory MacQueen,cmacqueen9v@geocities.com,https://robohash.org/magnamillumvoluptas.png?size=50x50&set=set1,1/7/2026,$2a$04$fieZDaVs1yHy6cl/G2fz1.h7Jwp1vzu/mxjpRht860Xy/HG0mdiR2
357,Shantee Leere,sleere9w@thetimes.co.uk,https://robohash.org/hicetdebitis.png?size=50x50&set=set1,3/18/2026,$2a$04$r24GffgqSqMRV1qmgdpi9eC5NbGv0Pt9NzIi23UNjd79iCYZM0RaK
358,Fiorenze O' Mulderrig,fo9x@google.com.au,https://robohash.org/doloremquidemminima.png?size=50x50&set=set1,11/21/2025,$2a$04$HwU5RfOjmO9yc1VnVcEwcOJh4m0V4tHGasK/YgFuJfoFHMGl2C1..
359,Sukey Antonov,santonov9y@ocn.ne.jp,https://robohash.org/fugiatconsequatursaepe.png?size=50x50&set=set1,7/20/2025,$2a$04$LgelXAk/FV7AzsGa7w7U7eufV1TPmFWcgI4cQO/cUPWDaoyUxmsLW
360,Baldwin Rodders,brodders9z@live.com,https://robohash.org/voluptatibussunteaque.png?size=50x50&set=set1,12/9/2025,$2a$04$SldkRd/qOQ1JdakMIe8tqOHIO9zW1aNW0aLobMeJL9FzlNPRJNp9u
361,Bridgette Nern,bnerna0@squarespace.com,https://robohash.org/autetmolestiae.png?size=50x50&set=set1,8/17/2025,$2a$04$pAMZhy0tPsyXrNPGjN9ysOU4zELYrnq9d0z3XS4bmWD8p.3PtqUvu
362,Jeana Schwieso,jschwiesoa1@accuweather.com,https://robohash.org/voluptasconsecteturqui.png?size=50x50&set=set1,8/1/2025,$2a$04$RU9UngbFE.LjKBzPsa8/WO2Eep2riZrRmCI4NYcCG8wGBNgzjrffW
363,Dorrie Worlidge,dworlidgea2@biglobe.ne.jp,https://robohash.org/repellatnostrumid.png?size=50x50&set=set1,9/27/2025,$2a$04$dBDOzYHp5ZPe01ANHC6kcuIyoXWmGrSshXIWs8s3a8CwzCk8.G6X6
364,Sandy Maroney,smaroneya3@phpbb.com,https://robohash.org/praesentiumetquisquam.png?size=50x50&set=set1,4/15/2025,$2a$04$qxZ1Ox0AdpxzPITe5H/rf.SkbWlKv1fE6Ndtj9qvisJ.qs1sml4Li
365,Calvin Grigorian,cgrigoriana4@zimbio.com,https://robohash.org/natusatquevitae.png?size=50x50&set=set1,11/27/2025,$2a$04$Oo.P0raMVuuSXuPVcHBQvuowkj9zdpvpMybA5z73ZgsyyaC0Hf.YG
366,Carmita Twitchett,ctwitchetta5@salon.com,https://robohash.org/adquisaut.png?size=50x50&set=set1,9/16/2025,$2a$04$vUO6APLAXM.z299OON0P/.2JB6grIBEeHDgn4W5Nr1q0R4Wj9GUgG
367,Rozella Pulver,rpulvera6@unblog.fr,https://robohash.org/velitestcum.png?size=50x50&set=set1,3/5/2026,$2a$04$t2.frwycPm1WglvaG6OXUeVl3p2OZNB9kOghlmFslRJgCb96waaPS
368,Kameko Champness,kchampnessa7@imdb.com,https://robohash.org/magnamfugiatfacere.png?size=50x50&set=set1,3/25/2026,$2a$04$5oVo47vqJVgIueQDSxUFH.ilmzAms76iPK4BeAqv2ndqGYnO.cXgq
369,Ros Glasgow,rglasgowa8@usnews.com,https://robohash.org/etsedut.png?size=50x50&set=set1,9/3/2025,$2a$04$2dBXN2nhLtuqFSZ92nxCm.RSJHUjRL9AaZ/laNcxShStmEIesNp7m
370,Lorena Gilloran,lgillorana9@smh.com.au,https://robohash.org/consequaturrationenesciunt.png?size=50x50&set=set1,7/4/2025,$2a$04$ckTW3.UnUb9wnAe31jUv2.36oJABERyE9lCsoR/V/TqpNSjgLRZGO
371,Willard Cordon,wcordonaa@wordpress.org,https://robohash.org/nostrumautut.png?size=50x50&set=set1,10/17/2025,$2a$04$2WJw1aDBtjDNkHnMh1IOBOHJ/cJxlmmc/L2Ua1uHafhK/rJuEh8Q6
372,Brnaba Hallmark,bhallmarkab@jigsy.com,https://robohash.org/corruptitotamquia.png?size=50x50&set=set1,5/5/2025,$2a$04$L2T.L5WchAegje4lrjSX4.ov/7SOWhgzWVQ31f/3yRp5mLthJ9Otu
373,Nerita Rizzello,nrizzelloac@toplist.cz,https://robohash.org/adipisciaccusamustempore.png?size=50x50&set=set1,4/30/2025,$2a$04$Zq62xInrtVPPzEn6ngJsUuPEs315WVXZaWu59jbuTowt59V5nL9xW
374,Melinda Brickwood,mbrickwoodad@t.co,https://robohash.org/atemporibusmaiores.png?size=50x50&set=set1,7/3/2025,$2a$04$JIQsmy5SbtngBPeVkdbBLuU5yhnliZsW1mNaX8jprB.AMzbgx47ze
375,Obie Simoncini,osimonciniae@cnbc.com,https://robohash.org/fugitdolorumeum.png?size=50x50&set=set1,7/10/2025,$2a$04$c8HkLA7dTSXa149uvi6/GeKnmOfN8P3WeIVadNYTSf76vb/LQNI8a
376,Elinor Pilmer,epilmeraf@networkadvertising.org,https://robohash.org/quasimodiomnis.png?size=50x50&set=set1,3/6/2026,$2a$04$r.Rf6KbR5kPCubqfA7DLnOhOR6wEaOu28L7tEOh7M7xfqHhjgvI1O
377,Willabella Bridle,wbridleag@prweb.com,https://robohash.org/eosexdoloremque.png?size=50x50&set=set1,10/28/2025,$2a$04$f/bAvIPCgD.diuhQTbDbz.46.MsNF89sO0/.q1ReJvXiOa11w15nq
378,Aggi Swinley,aswinleyah@census.gov,https://robohash.org/quiaetest.png?size=50x50&set=set1,3/27/2026,$2a$04$xNkO6lUCY/RwUmA/XWCUSeX3nw8VnAdtqJ4uRBkpcwHY05nPf8vV2
379,Abby Yvens,ayvensai@icio.us,https://robohash.org/officiisetexplicabo.png?size=50x50&set=set1,9/19/2025,$2a$04$NMdkH4kvYIPIr6JjdcWYHekave9XjQRZcgi/FON1Z1nf13/blJRNm
380,Laughton Petrolli,lpetrolliaj@fastcompany.com,https://robohash.org/consequunturnumquamvelit.png?size=50x50&set=set1,10/22/2025,$2a$04$OZCJmt5QtkN5XW.Rlli0vuEGHnZFYExQNFAe28QbkvloFocSPeTjC
381,Jillayne Albasiny,jalbasinyak@nytimes.com,https://robohash.org/velitvoluptatemsed.png?size=50x50&set=set1,7/26/2025,$2a$04$6TCTwYlVw2qL2YNHQZ68/.TXnqA7.vgtSOZFUcelNaNW7QD4iyTgC
382,Denise Hanlin,dhanlinal@salon.com,https://robohash.org/architectovelnesciunt.png?size=50x50&set=set1,3/5/2026,$2a$04$bO140avBuxvpqp.aHeKLZ.ul7GenmMI1tt4vs56/8T2Ak3KXrXuRW
383,Hortense April,haprilam@nasa.gov,https://robohash.org/nonvelitlabore.png?size=50x50&set=set1,6/27/2025,$2a$04$vgfdRqj1p880niLSTQPeq.mxvS1IpTA4gquGZIxzfMD8vcs6aajhK
384,Viola Writtle,vwrittlean@odnoklassniki.ru,https://robohash.org/velutsoluta.png?size=50x50&set=set1,3/25/2026,$2a$04$MPbgTvrj288CAHt1Ms958OIE2oL1HIFUXOsPAyUhHgQ/c27akKH2i
385,Myra Anderbrugge,manderbruggeao@wikimedia.org,https://robohash.org/liberolaboriosamet.png?size=50x50&set=set1,9/28/2025,$2a$04$MHGTCj2w4qyKZcF0r9wGeOK0a47XnxFZ1leH1ifGHWPhSCHphbqsi
386,Falito Mc Carroll,fmcap@flavors.me,https://robohash.org/corrupticumsunt.png?size=50x50&set=set1,2/19/2026,$2a$04$pYfwR0en1I97/p.0MW0DI.0nLuEu3aY5F1AmBxoIaauiDKmx72dqu
387,Ameline Brantl,abrantlaq@sohu.com,https://robohash.org/idaenim.png?size=50x50&set=set1,10/31/2025,$2a$04$j6vTeyP83dKcm9Cs6znIUuabnlnpRUwBfR/I7ZMz0fmU5RFOph1RO
388,Rasla Snell,rsnellar@eventbrite.com,https://robohash.org/quiideveniet.png?size=50x50&set=set1,10/12/2025,$2a$04$.QQ/b2Fi/bV6igcLqIIN9.Ivnhy8fVad4QDPinSrmdbpxP2svuXRC
389,Appolonia Kiebes,akiebesas@mac.com,https://robohash.org/abistemodi.png?size=50x50&set=set1,9/22/2025,$2a$04$rycL1cfzpNKP2uqtGPTGCub.SXyLc6nYZz1Xl6WKH1JChFiGEx./O
390,Ted Gillice,tgilliceat@tiny.cc,https://robohash.org/minimaoptiorepellendus.png?size=50x50&set=set1,4/16/2025,$2a$04$FSBxZg2eb9dstwr9bHBbsusnyoyWd7/BLokabs1BzDivcCJK7eTuu
391,Les Bickerdicke,lbickerdickeau@scribd.com,https://robohash.org/etatomnis.png?size=50x50&set=set1,6/25/2025,$2a$04$iOVja7ovKP3iFGejziu8uucPf/AaLElGhXb13kmZ.BHhONolAwzfe
392,Raviv Thurley,rthurleyav@hp.com,https://robohash.org/eligendiquianimi.png?size=50x50&set=set1,8/11/2025,$2a$04$xljtjDvOuSSqAicaiq2ZC..sjUmW51HRkqP6LXyZA1ntGPeZ3Gq3u
393,Reiko Po,rpoaw@arizona.edu,https://robohash.org/sintliberoreiciendis.png?size=50x50&set=set1,2/8/2026,$2a$04$m6EYe3Yxdu0e3NMp6jlj6uGqf0auDzjCU0v3zy8BU2JZZH.Ksut3S
394,Larisa Story,lstoryax@plala.or.jp,https://robohash.org/etametut.png?size=50x50&set=set1,10/30/2025,$2a$04$IZB9TANhDmy9FCDk0nTJAuRBKG9t3fkiUDyKnnfpnJyp8ASsolQI.
395,Kenyon Coudray,kcoudrayay@wired.com,https://robohash.org/doloremmolestiasomnis.png?size=50x50&set=set1,2/7/2026,$2a$04$u5rfG.MlxCVuNzqz4Ak.ueg60mg7ehEo.792yg1ygRjUIproUhOLq
396,Neda Elcoat,nelcoataz@canalblog.com,https://robohash.org/velitquiveniam.png?size=50x50&set=set1,4/10/2026,$2a$04$gWnCtQiy54BaHHYM.yZFQesf.yfr7KGx.ZTYD6vPur2dxLx/FLZzy
397,Roxi Ziem,rziemb0@time.com,https://robohash.org/velitconsequaturquo.png?size=50x50&set=set1,1/27/2026,$2a$04$RVJyaxsiedgqP3S.0NF1ve.OMQKfDpxJ0ScDENij1oSkRV1Luflz6
398,Noby Brunstan,nbrunstanb1@mapy.cz,https://robohash.org/repellendusabmaiores.png?size=50x50&set=set1,6/9/2025,$2a$04$D.Z2J3IS.AXTIN79MEKN8un5jMulH3zl4wLuEaZ97E/iPINBrJcOm
399,Fallon Sellors,fsellorsb2@theglobeandmail.com,https://robohash.org/isteharummollitia.png?size=50x50&set=set1,3/24/2026,$2a$04$eLKZlgYRdmXalS5n2spyP.L.iH1uzpBm6VjmrdD8vuz9IjDS7ab8G
400,Alister Dinnies,adinniesb3@spiegel.de,https://robohash.org/etnihilqui.png?size=50x50&set=set1,7/24/2025,$2a$04$dCc7VL5ZrHXULlDZnRurnO4FBIv6ejp4FEf/Z/C1wcY7dr05tAaF6
401,Sonnnie Mawby,smawbyb4@wufoo.com,https://robohash.org/repellatetrem.png?size=50x50&set=set1,10/19/2025,$2a$04$dkvL79UvV3eDg3W1f0dylOb6KFXvR26B0AMuFvFHoEDV7/SKfnExy
402,Nady Proughten,nproughtenb5@ocn.ne.jp,https://robohash.org/quisquameaquedelectus.png?size=50x50&set=set1,2/20/2026,$2a$04$0IhUAtJ13iye0JCkmLNJEuMiG7sMCC5xLcvC0zV0sJftJBUd2IWxe
403,Ruperto Pavett,rpavettb6@g.co,https://robohash.org/oditestdistinctio.png?size=50x50&set=set1,5/15/2025,$2a$04$07PkJgs5bkcvYtv59BVN1.Y0iEfGxxftRsXwN4EfKdcsAvs.CfVvW
404,Lind Brunone,lbrunoneb7@umich.edu,https://robohash.org/quianesciunterror.png?size=50x50&set=set1,1/19/2026,$2a$04$/BfHnXXROYuQpfDYpEAJi.GN75q9WcaPOETLxyHnKalvuNe3QiER2
405,Guendolen Stewart,gstewartb8@purevolume.com,https://robohash.org/autofficiisquis.png?size=50x50&set=set1,4/14/2025,$2a$04$OrAWVoaHsOHrLUWUAtpQIux51O7qcgcv5TJjwKmR4w9c6CzWMgcQK
406,Bar Latore,blatoreb9@cocolog-nifty.com,https://robohash.org/sedvoluptatesaut.png?size=50x50&set=set1,10/2/2025,$2a$04$o0mVJ1BQnLCaHA6uBg8PZu0PKMAwOrKsBq3U.7omWItktbg0jJlx2
407,Angelica Jahnke,ajahnkeba@ehow.com,https://robohash.org/oditinciduntconsequatur.png?size=50x50&set=set1,7/30/2025,$2a$04$d2IfzLRhloxcu6TeRobq0e56x2d7qYVO6zJ9A5fuUxFL6NbR6.5vG
408,Justino Franceschino,jfranceschinobb@microsoft.com,https://robohash.org/voluptatevelsunt.png?size=50x50&set=set1,8/14/2025,$2a$04$J7vW79XOL1CXQ9FHx/dJ8eg62mqj0pSPXFn0linA8az3Avrq0wXjC
409,Isa Bingall,ibingallbc@icio.us,https://robohash.org/reprehenderitisteet.png?size=50x50&set=set1,11/6/2025,$2a$04$CUg9TyoAHlEWtUx/PgrMOemNbsPUejuyK8hsfVIM3qiQkBf2SSL2.
410,Hewitt Lettsom,hlettsombd@hud.gov,https://robohash.org/nobisvitaelabore.png?size=50x50&set=set1,12/23/2025,$2a$04$HXqytHGc/ZrjHIP27nswtOcHoVE1X/D8/kC5MhDETvmSO3zzYdNxa
411,Loutitia Matzaitis,lmatzaitisbe@dropbox.com,https://robohash.org/placeatsaepequia.png?size=50x50&set=set1,7/3/2025,$2a$04$aYYTSb5b5K1WvDvtONSia.K7Dcn317E6Em3ZRtbqZdXGLQPVmR34K
412,Rosamund Deans,rdeansbf@eepurl.com,https://robohash.org/providentquodeius.png?size=50x50&set=set1,8/6/2025,$2a$04$SbS.X7/16lY6sX4XEO9Lv.5FXZf2b6qdKs5X1BUviXXqYVosGAsZ2
413,Vere Reder,vrederbg@nps.gov,https://robohash.org/quiscorruptiqui.png?size=50x50&set=set1,5/15/2025,$2a$04$tF85kfEHu/xZ2utSL919ougsztKUql7a5r6BELElQVbZZ636xvOY2
414,Reggie Milella,rmilellabh@printfriendly.com,https://robohash.org/ipsumculpadolorem.png?size=50x50&set=set1,1/30/2026,$2a$04$sWOAbYuMgTGUl/MOJVa.lu5COMH1r/27.kFvqQWfHu68PrQQbAAf6
415,Bobbie Petri,bpetribi@illinois.edu,https://robohash.org/autessecommodi.png?size=50x50&set=set1,12/28/2025,$2a$04$o1lhWiUd3Pao1UrOQwdMNOxPpZ5unzx2LgrLsp.HZ/rTT9yTbDwAO
416,Karla Kardos,kkardosbj@tumblr.com,https://robohash.org/magnamquiquia.png?size=50x50&set=set1,2/28/2026,$2a$04$iQMISKXbJ.I6yvnwDtiCw.nd6M9QYJgbfMq.AYnCVMjTJ1lC06Cc.
417,Philippa Bickerstaff,pbickerstaffbk@dmoz.org,https://robohash.org/repudiandaeperspiciatismagni.png?size=50x50&set=set1,9/5/2025,$2a$04$npKXaVYEkDdimOPVl6VRoutiOML/LgwL.HjhjNqsRISE8kO/EnZUm
418,Luce Worgen,lworgenbl@jigsy.com,https://robohash.org/delenitiprovidentlaudantium.png?size=50x50&set=set1,3/7/2026,$2a$04$HwIf1Qz5s42lgwEUg9VNI.AIx.hjqjbp/tdOTF7Bzymd7efACnZVG
419,Olympia Newns,onewnsbm@cloudflare.com,https://robohash.org/vitaenobislaborum.png?size=50x50&set=set1,8/24/2025,$2a$04$esKmkgZIsmU.ToN/qqmzZO8tCBBpGvUw1ypRS0TQ5qDmKQL1kccGO
420,Arly Meakin,ameakinbn@dedecms.com,https://robohash.org/modidebitisomnis.png?size=50x50&set=set1,6/28/2025,$2a$04$wXXJr1Q2aEkSehIcalq2tupBDWasJMXqAShl8iqlm.ms073b8LVKW
421,Farrel Pimlock,fpimlockbo@ocn.ne.jp,https://robohash.org/veritatiscumqueid.png?size=50x50&set=set1,9/27/2025,$2a$04$lxzuS4EXl.ObHhwUDRLFwOoeRmF13RLc5nbUeqCFVSCWsJlviaT7i
422,Lida Keasley,lkeasleybp@topsy.com,https://robohash.org/ettenetursed.png?size=50x50&set=set1,4/4/2026,$2a$04$8.cCZA0/HtIs86zsX19Qoe.m2gzhOd6wE6f8YUrJavemvgSBCy.MW
423,Gavin Harbottle,gharbottlebq@elegantthemes.com,https://robohash.org/porropraesentiumfacilis.png?size=50x50&set=set1,4/20/2025,$2a$04$nx0hnciffKO4IIezkXOI6uQj69zGxd3ho9GsXMRI8.yo66eoWgvfS
424,Karrah Selwin,kselwinbr@google.ru,https://robohash.org/autexplicabovoluptatem.png?size=50x50&set=set1,6/15/2025,$2a$04$AevHnggpJmmsDQJJxot0WeKoigVESjEuBzfdRjo49YcWDfnr1YXKm
425,Buddie Osbourne,bosbournebs@vinaora.com,https://robohash.org/similiqueutarchitecto.png?size=50x50&set=set1,3/22/2026,$2a$04$aTawRS9BK7ZKGEZ6U7xsruQDxEMbux/z3PH0bZ8w./7AkfMUuWTd.
426,Herold Skym,hskymbt@salon.com,https://robohash.org/remsednumquam.png?size=50x50&set=set1,9/3/2025,$2a$04$MaSl4ncc4gKpKs744FTvIum9.AF3O7aVusaNIL4TN6f5NjTp4Z6QW
427,Tate Cabedo,tcabedobu@state.tx.us,https://robohash.org/occaecatifacilisperferendis.png?size=50x50&set=set1,1/12/2026,$2a$04$U41W2SSqTimZccaVdB2FSu9MYf78FcDEWX0//XGfYVG3obFvRbj9W
428,Deb Jacobbe,djacobbebv@huffingtonpost.com,https://robohash.org/remvelut.png?size=50x50&set=set1,9/8/2025,$2a$04$Rk9Q3rydoNpFW.1djpbWNuhtgSIy5IP0kLjiSCGd5ZwfHQMe3IzS.
429,Cassius Bluett,cbluettbw@networkadvertising.org,https://robohash.org/verooptioiste.png?size=50x50&set=set1,2/1/2026,$2a$04$InSzRrQDtxIxFGd7.SfoHOMzEAXSrlhIEkQ/vGIAbGU77uKlv4fgy
430,Raimondo Dewberry,rdewberrybx@webeden.co.uk,https://robohash.org/iureestdistinctio.png?size=50x50&set=set1,9/16/2025,$2a$04$Tq8VuU82.WHZrnUSSMRNbuwQy2Xn3zFjAM3eyKzNNS9cuZfnrq.P.
431,Wynny Gioan,wgioanby@sohu.com,https://robohash.org/solutaidsequi.png?size=50x50&set=set1,3/17/2026,$2a$04$V87iAEr7ngiVE52kDmQAIek7u5SPdaGz0stRxfP52j8slZVGSmL82
432,Concettina Myton,cmytonbz@github.io,https://robohash.org/officiisetporro.png?size=50x50&set=set1,4/25/2025,$2a$04$s9s2uBirNeGJiI.5Nx5tsOEy04MzaYXV7MVv0Ldm6dPsHcWMYW1uC
433,Claudia Fairnie,cfairniec0@mysql.com,https://robohash.org/quasetad.png?size=50x50&set=set1,8/1/2025,$2a$04$qQzo0b5kts3vhOS.wW0BOOsk6vkelCCCTjQJEVtoWduhm3Pk1Swsa
434,Penrod Junes,pjunesc1@japanpost.jp,https://robohash.org/ututomnis.png?size=50x50&set=set1,9/7/2025,$2a$04$M12Zkm34EKW6EPzSrT79seD4kBC6RlFGh8X77pITS6q5enQDHzFze
435,Jorgan Hof,jhofc2@aboutads.info,https://robohash.org/abatqueest.png?size=50x50&set=set1,10/5/2025,$2a$04$zvCVtB9MnGp5GcxjzCzfiuKoZjAqrRIoQS6lW.LZcfWJCyaqODdFW
436,Elliot Dovinson,edovinsonc3@histats.com,https://robohash.org/temporeplaceatminus.png?size=50x50&set=set1,2/12/2026,$2a$04$CY53AzFbCaloYEUN6Lk.kOea/wRaM1osU7kx5zDQoSGIK6DOAS53e
437,Judy Magovern,jmagovernc4@si.edu,https://robohash.org/reprehenderitfugiteos.png?size=50x50&set=set1,7/1/2025,$2a$04$rRiPjQOtm.iEvZvk..Rgm.0cUBDIQ2Mr29PFpK4JG7E5tkYUHAiRa
438,Claudie Litt,clittc5@yellowbook.com,https://robohash.org/fugiatsuscipitplaceat.png?size=50x50&set=set1,12/25/2025,$2a$04$SHnWX6otRg1.s87ssCWTqOO5oIZ3HHWSb6UMBRP0618C7qXAfxwFq
439,Shell Westgate,swestgatec6@blogger.com,https://robohash.org/inrepellendusodit.png?size=50x50&set=set1,3/3/2026,$2a$04$Mt5osnWqGfdb5eZwvb08aeEmk0f3uPI0sIjww1jZ9m43Erp4H6XNS
440,Hallsy Cesco,hcescoc7@mapquest.com,https://robohash.org/eosvoluptatesdolorem.png?size=50x50&set=set1,7/20/2025,$2a$04$0pQC5Ur6dc8I5G0Cn0dsnuKilve5aninyWPkUDVHkOH/ibiU5DFGO
441,Colline Jakeway,cjakewayc8@wisc.edu,https://robohash.org/repudiandaesitid.png?size=50x50&set=set1,7/8/2025,$2a$04$gc0eZNUzMKjuci3.Dpx2recfVcL03ZEdGRHi4fzWvHp/3rnqKiTrW
442,Ches Simants,csimantsc9@sakura.ne.jp,https://robohash.org/omniseaquesimilique.png?size=50x50&set=set1,4/5/2026,$2a$04$qWarN3C1cN0yOIDBr6abZuBzIrtK5t5s55TRV/Adhq5LymAsjdWme
443,Vick Deignan,vdeignanca@cloudflare.com,https://robohash.org/quialiquidfacilis.png?size=50x50&set=set1,3/6/2026,$2a$04$hmitriPLvC7tTkZfRijBPeW80fehKM.AEq9laRriuiU96YqJFze8G
444,Dodi Keddie,dkeddiecb@netvibes.com,https://robohash.org/eiuseadoloribus.png?size=50x50&set=set1,7/23/2025,$2a$04$I5JLm/K5KO/58zXcX46lGeVjcBtWnIUcgxOiNeh5ASg40yX5tv3Fy
445,Jandy Vautier,jvautiercc@technorati.com,https://robohash.org/beataenesciuntsequi.png?size=50x50&set=set1,3/1/2026,$2a$04$dzVyoWx.sBu4P2/MFY0QD.EBbXOdEHPLgQ585buH2c3HpK2j4weHq
446,Jerrold Charnick,jcharnickcd@netscape.com,https://robohash.org/voluptatematquelaboriosam.png?size=50x50&set=set1,7/3/2025,$2a$04$JJ24nQY7JnAU1wz0JH29YOmho/XyK.G44BWtkJmc5Np4SfLXZig62
447,Coletta Sketh,cskethce@usatoday.com,https://robohash.org/etreiciendisdeserunt.png?size=50x50&set=set1,2/1/2026,$2a$04$phgLhlj8nPQ5rKrNsr/lMOthZHS5OOAFBNsuRvax1ITvC29liY/u2
448,Octavius Grier,ogriercf@reddit.com,https://robohash.org/undevelut.png?size=50x50&set=set1,9/2/2025,$2a$04$VHMJa9guWpEruSLgkJ.H5uRWLQTr35HGNpGuuHb2SiU5cIp3fBfKK
449,Billi Boniface,bbonifacecg@arstechnica.com,https://robohash.org/doloresoccaecatiqui.png?size=50x50&set=set1,9/4/2025,$2a$04$vG.I8vw.vw3qqNf4T4fEVuWnHcAPFsqgd3oKAlIv1J6fcy5EZktXO
450,Westley Leonard,wleonardch@dell.com,https://robohash.org/pariaturlaboriosamaut.png?size=50x50&set=set1,5/13/2025,$2a$04$4EGCiQABe5rrHHbJOiIgLutql9.bz.kVVs44c2lMrTEGE..lShfsm
451,Maddalena Bloggett,mbloggettci@vimeo.com,https://robohash.org/hicreprehenderitsit.png?size=50x50&set=set1,2/19/2026,$2a$04$8W8giMS.KF.NG7FRiIFVq.zuiSeMI3tV7doXSbjtc3hTTlXVPJvXG
452,Abby Cuttelar,acuttelarcj@who.int,https://robohash.org/accusamusexest.png?size=50x50&set=set1,4/17/2025,$2a$04$nUadxb.AXldyLPr5tPsMYOMnFySQe0URYy./JR2PTPjJIPkmq9u9.
453,Sigfried Fumagallo,sfumagallock@abc.net.au,https://robohash.org/quiavelexercitationem.png?size=50x50&set=set1,2/12/2026,$2a$04$9H4xjYCum1UUm9KLZhWHyumUs686uBsW0yCnT5I376IouMfCukFAG
454,Ailey MacCartan,amaccartancl@google.fr,https://robohash.org/corporisautnatus.png?size=50x50&set=set1,1/21/2026,$2a$04$I9WTeDGije.WqT0ONClAgud7kCicVvp6G2eji.W70xx0NMHR6MKMC
455,Webb McCadden,wmccaddencm@hc360.com,https://robohash.org/autminimamaxime.png?size=50x50&set=set1,12/9/2025,$2a$04$DBX4SJgKF/a0IHS8nJKusewr5s3pTkTBxF6FalIDAJcJWjl7wGFhG
456,Stu Treffry,streffrycn@creativecommons.org,https://robohash.org/laudantiumminimaillum.png?size=50x50&set=set1,2/3/2026,$2a$04$2NA5wU151EK1yK7fWW7MfeSgP3h.8P37Gef5ybELIPjcW1Nr50XFG
457,Auberta Bowick,abowickco@google.co.uk,https://robohash.org/laboriosamutaliquid.png?size=50x50&set=set1,12/30/2025,$2a$04$ebsR09mOyA8X7.AH.b00wueQtLt/3T59ugf2aq.1en6PuYHRf2c8.
458,Kamilah Edgerton,kedgertoncp@blinklist.com,https://robohash.org/exercitationemsapientedolore.png?size=50x50&set=set1,1/30/2026,$2a$04$Db69FCwbUHc4uux1tDm/I.TL9FQHySGhqR70G31pnP2fjdOp8wllC
459,Jordon Telling,jtellingcq@devhub.com,https://robohash.org/suscipiteaquod.png?size=50x50&set=set1,3/19/2026,$2a$04$dCUglpCMQkjJcddr0Lu60e/BWWmlegnOqZ0C.JICzSQV4Qo4rmg2q
460,Burtie O'Hannigan,bohannigancr@tumblr.com,https://robohash.org/corruptiporronihil.png?size=50x50&set=set1,4/22/2025,$2a$04$bxv9GvSk1cEU1TocWyAWhuG/stPXtnWHyrnQomzvK6a72f6qjPc/O
461,Kathe Varfalameev,kvarfalameevcs@aol.com,https://robohash.org/reiciendisnamquaerat.png?size=50x50&set=set1,7/4/2025,$2a$04$8nHEWjF3SnfIhpd5DW3zoedZ297KErOQAPFL1Qt47oNPJchmZusTq
462,Valenka Russam,vrussamct@ft.com,https://robohash.org/ducimuseumest.png?size=50x50&set=set1,7/10/2025,$2a$04$Fw7h2y6x.Th/B77BcAH97e.XeQsKWnLwPEPyRJNLdCI2xX9qBxYbK
463,Lura Worvill,lworvillcu@github.com,https://robohash.org/quiaccusamuset.png?size=50x50&set=set1,9/29/2025,$2a$04$1Hm4fwL6NENHsOzRuL0xTea0keqx7pYwF9FSez7Z5UhkrhMUNfOGW
464,Bethany Mixter,bmixtercv@xrea.com,https://robohash.org/providentundequi.png?size=50x50&set=set1,6/19/2025,$2a$04$vr92dlftwxPcO0KavSwDpOv6qeurjFvzrbGeqSFz2rOWhW0cf1Hqi
465,Tara Linnit,tlinnitcw@clickbank.net,https://robohash.org/vellaudantiumarchitecto.png?size=50x50&set=set1,8/15/2025,$2a$04$/nojnbCwvlJps5Ik.nCvF.5AbF.KRgSyJK9LWKhmswAelg/7h/mN.
466,Jory Gomby,jgombycx@seesaa.net,https://robohash.org/nemoaccusamusveniam.png?size=50x50&set=set1,11/14/2025,$2a$04$AevS266dnRpXc91npsk3JedL9khwF0MiSy2I1tV9u7IwRWkl5veX2
467,Aggi Mastrantone,amastrantonecy@squidoo.com,https://robohash.org/cumqueetneque.png?size=50x50&set=set1,1/11/2026,$2a$04$c6tCKWfFMMKv2.o49KcM/uRNARX/W4HoxX8huUhWH7fYEr/ZXKTPO
468,Eve Biggs,ebiggscz@dell.com,https://robohash.org/officiacorporisautem.png?size=50x50&set=set1,3/15/2026,$2a$04$afliUaLHSoumXUyj401tVOMFKJAs4texDMfjvXmXHnKDlAPGu/Kdi
469,Matteo Issatt,missattd0@apple.com,https://robohash.org/doloremundeat.png?size=50x50&set=set1,2/7/2026,$2a$04$v/hdOLNLE5f5Z7OKmkv9quRFin33CjhZOE7SRSNRJa500JzfDRrhe
470,Eduino Partkya,epartkyad1@chronoengine.com,https://robohash.org/voluptatesdictaitaque.png?size=50x50&set=set1,4/14/2025,$2a$04$z5FDYshe69gDzR90K4J3lejaQDeamMRxFzhpkjrXZHc6WbUrPaO4e
471,Delinda Haglington,dhaglingtond2@earthlink.net,https://robohash.org/voluptasutaut.png?size=50x50&set=set1,10/27/2025,$2a$04$SoW0e5ISbTFphTgcgU1Zo.RIhN5AjyUGxwTW/3gS7BHg3E690P9My
472,Gui Lettuce,glettuced3@answers.com,https://robohash.org/velrationelabore.png?size=50x50&set=set1,10/3/2025,$2a$04$XOU1tNmVT6j1ctpg6beL9e1A3ruiqwOgn5JCuBUO2cesEg/8kHKQa
473,Nina Beasant,nbeasantd4@indiatimes.com,https://robohash.org/nonaspernaturvoluptatem.png?size=50x50&set=set1,4/24/2025,$2a$04$dNY3ujEh10rEVaFbvib63O.ArmS4kSH2B78xnJ8wFyNdIk.0IC5eq
474,Rachel Lesaunier,rlesaunierd5@bandcamp.com,https://robohash.org/suntvoluptatemsit.png?size=50x50&set=set1,8/19/2025,$2a$04$5nYgHkokKKSuO8c5RFwWLO38WhWLFOpMbAGUpJ2mO5.PWiYoAVTgW
475,Trina De Beauchemp,tded6@bandcamp.com,https://robohash.org/quieosquia.png?size=50x50&set=set1,5/10/2025,$2a$04$N5L.liXOHDFQn0M6HWAk5.ft07SwrUfgI9seOMCOYdYV9Zf5Jicgy
476,Moreen Deme,mdemed7@hp.com,https://robohash.org/consequatureaqueaut.png?size=50x50&set=set1,12/14/2025,$2a$04$GJBv6rqtwrfDfQHL9.Xgb.21VEZ3upyhQAAjoFPFvvbDqt/jpfzN.
477,Bartholomew Bonnor,bbonnord8@purevolume.com,https://robohash.org/accusamusreiciendisrepellat.png?size=50x50&set=set1,7/23/2025,$2a$04$OSowjli0t22nwJQamU5HPuFShPSVz.JD6lsZfCmCcXivfQ1iqrrx2
478,Isa Will,iwilld9@wunderground.com,https://robohash.org/nonvoluptatemillo.png?size=50x50&set=set1,1/20/2026,$2a$04$QgBETSYcEGIaci8sGxtxbOPXpNPehSWpkxT1nlsUNSERg/imjEhkG
479,Donia Acutt,dacuttda@cbslocal.com,https://robohash.org/velitreiciendisaut.png?size=50x50&set=set1,4/28/2025,$2a$04$5GxzGlp/zyMX43QerkPd8OU9ZixReemRkg2c8vjLbkHkx2rT3jn9C
480,Aland Buswell,abuswelldb@blogtalkradio.com,https://robohash.org/possimusrepellendustempora.png?size=50x50&set=set1,8/27/2025,$2a$04$WjUKCfm4i9JXSImm4OaTo.hEf0s7s4yTgaKSouUwkfUxQZlmNyByu
481,Glennis Mapledorum,gmapledorumdc@dailymotion.com,https://robohash.org/voluptatesaccusamusmolestiae.png?size=50x50&set=set1,3/4/2026,$2a$04$Q19xv2Xjwk1dPRjiJ020huD//7MoxJOQyVhfgvfdJsjJiatQX8iAS
482,Nadya Melby,nmelbydd@merriam-webster.com,https://robohash.org/voluptatemreiciendiscorporis.png?size=50x50&set=set1,2/3/2026,$2a$04$hJ9dKltMv9xSgLki63cXB.vaRI.q1tGv6vIY9dfvZTgmtIn0T4kAG
483,Moyra Whitehorn,mwhitehornde@dagondesign.com,https://robohash.org/possimusplaceatsint.png?size=50x50&set=set1,10/15/2025,$2a$04$hDKK22rlbuwmunOGlMh5P.R9HrJMJMy2V3LThUyBTWjo/gENlYdDG
484,Delbert Morsom,dmorsomdf@blogger.com,https://robohash.org/estmolestiaeet.png?size=50x50&set=set1,11/9/2025,$2a$04$B7y5QfhNtPzUsGmICtgUPON6RWh11KqnLwqwgBQ160DW7X2UUgdeu
485,Waylen Dansken,wdanskendg@google.it,https://robohash.org/nonsaepeet.png?size=50x50&set=set1,8/4/2025,$2a$04$Q47d8rNuCH8xB37.MJ29K.GKd7bpNdIIyXkmUU3SfFxFXYyZXKGIe
486,Ximenes Manes,xmanesdh@flavors.me,https://robohash.org/nihilmagnideserunt.png?size=50x50&set=set1,5/22/2025,$2a$04$TthT9daOzH3pzh3EkqiOYeLMcDiAZWqWuLg5nQMf7SXrQDcJyMrPS
487,Barthel Mebs,bmebsdi@umn.edu,https://robohash.org/fugiatdoloreoptio.png?size=50x50&set=set1,6/11/2025,$2a$04$rFt7V5nKd1SjctmL.WVTrOb2IMX/tlhrBEoRDBpdZErcGlcMJEKpe
488,Marcile Itzcak,mitzcakdj@ed.gov,https://robohash.org/fugasimiliquemaiores.png?size=50x50&set=set1,12/9/2025,$2a$04$6Ilz/DrlDyRQQDGm8zYh2.Fj5EGGvVcwFVlkVa2ij8QsVjEmxp6Xa
489,Rusty Heffernan,rheffernandk@techcrunch.com,https://robohash.org/molestiaecupiditateperspiciatis.png?size=50x50&set=set1,4/2/2026,$2a$04$tDfy/HLiK/gGs7c4YMAWi.gQsgfBpwODLn8yX3D/ZLGu1yK2BBfem
490,Cosette Foster,cfosterdl@census.gov,https://robohash.org/sitquiconsequuntur.png?size=50x50&set=set1,9/17/2025,$2a$04$Mxv5HpVYzWQZCjB.h50K0.I.2lmw05T/LRKefcwBpXg3OG2uiOMx.
491,Costanza Strute,cstrutedm@list-manage.com,https://robohash.org/molestiaeabaut.png?size=50x50&set=set1,1/30/2026,$2a$04$4lvzwDi.olPGTnPLHbnS4eTj6u9p4Pb9uisU3zAxEKtnExa49/6P.
492,Pepi Shoubridge,pshoubridgedn@de.vu,https://robohash.org/estprovidentaliquam.png?size=50x50&set=set1,12/2/2025,$2a$04$OXVmGwoCyOVRkjyAHVmVxOSz1clHvwUWt9RiEZclZ92GGCwj0cKoS
493,Andrea Kerry,akerrydo@photobucket.com,https://robohash.org/quoconsequaturdeserunt.png?size=50x50&set=set1,4/12/2026,$2a$04$B.DkRg5y67BlScW1x.DQneTD2QYqQgSYLZo9Q.XQeBEsDfKJufoRC
494,Joyan Giraudel,jgiraudeldp@smugmug.com,https://robohash.org/teneturrerumrerum.png?size=50x50&set=set1,12/7/2025,$2a$04$iNRui.bQyBMzKeDcyR.eneaFJ4aJh7dWW5rGa/O3Z8/HFjx.NeRJK
495,Lana Croston,lcrostondq@so-net.ne.jp,https://robohash.org/etsapientedeserunt.png?size=50x50&set=set1,6/30/2025,$2a$04$Xe/jGy2cH2C1sNwhn5DnYub036mpo//QiS3eSHfbiM2Oldtn8d1YG
496,Montague Bernocchi,mbernocchidr@360.cn,https://robohash.org/quisitvoluptas.png?size=50x50&set=set1,4/2/2026,$2a$04$DYre43SkKXwCfbW6KUmT2uGNaSpzqQyiVmj/dZ839s24iQJvje/7m
497,Eugen Letrange,eletrangeds@hhs.gov,https://robohash.org/corruptialiquamdoloremque.png?size=50x50&set=set1,4/13/2025,$2a$04$t1EmyG.ZPEedCRK59bY19.bHB/WfnJBU1oWajJTKn9dl1/JqTTAhq
498,Bond Perris,bperrisdt@tinyurl.com,https://robohash.org/aperiameumet.png?size=50x50&set=set1,9/25/2025,$2a$04$69C8WULQojZbKoKUTNUpCuFpSuhFAUcXuEJeEG0D42Yrc0xPoCjEy
499,Norina Stiven,nstivendu@salon.com,https://robohash.org/atquererumut.png?size=50x50&set=set1,7/30/2025,$2a$04$V8dNsNipT9lShXWzQmzijeF0yrA4rpmj4WYDcpIIbJ2wu6EsrQ3Pm
500,Job Holtham,jholthamdv@constantcontact.com,https://robohash.org/inventoreremdoloribus.png?size=50x50&set=set1,10/17/2025,$2a$04$IfFNVcL1W7c0M9944TACqeeG2oY.mZ0/SqgjZU4HVkJn788A1RYI2
